,Arrest_Number,County_State,Percent_Hispanic
0,1,"Matanuska-Susitna Borough, AK",4.522745467627357
1,4,"Autauga, AL",2.5722538102417847
2,145,"Baldwin, AL",4.366698411107213
3,2,"Barbour, AL",4.309761779514541
4,4,"Blount, AL",8.727297934285318
5,7,"Calhoun, AL",3.43622446778216
6,1,"Cherokee, AL",1.5638877090010426
7,25,"Chilton, AL",7.624894447360614
8,1,"Clay, AL",3.107616999184158
9,3,"Cleburne, AL",2.328063504769528
10,6,"Coffee, AL",6.558020042752642
11,3,"Colbert, AL",2.4017507402026594
12,1,"Crenshaw, AL",1.6839378238341969
13,11,"Cullman, AL",4.213192975552167
14,3,"Dale, AL",5.888281895700204
15,23,"DeKalb, AL",14.015252970946051
16,15,"Elmore, AL",2.8014872092592364
17,5,"Etowah, AL",3.629925602004586
18,10,"Franklin, AL",16.01684984005321
19,4,"Geneva, AL",3.7063328974406873
20,2,"Henry, AL",2.5309827194972945
21,12,"Houston, AL",3.186994061083251
22,6,"Jackson, AL",2.72772201946472
23,104,"Jefferson, AL",3.6892956413026328
24,3,"Lauderdale, AL",2.3931088826761373
25,2,"Lawrence, AL",2.066820207579338
26,31,"Lee, AL",3.6902310535444016
27,25,"Limestone, AL",5.689309416444154
28,39,"Madison, AL",4.675217802516194
29,2,"Marion, AL",2.4008730447435433
30,54,"Marshall, AL",12.915987898533862
31,39,"Mobile, AL",2.6447593599667867
32,146,"Montgomery, AL",3.3114621446664794
33,39,"Morgan, AL",7.811467525406717
34,228,"Pickens, AL",2.42490769384293
35,1,"Pike, AL",2.1937073654476067
36,3,"Randolph, AL",2.92283882378952
37,5,"Russell, AL",5.071969438570162
38,47,"Shelby, AL",5.759136882073891
39,61,"Talladega, AL",2.161441948258633
40,5,"Tallapoosa, AL",2.412227159529274
41,40,"Tuscaloosa, AL",3.29232334507164
42,4,"Walker, AL",2.260911987559648
43,1,"Winston, AL",2.9150876608503724
44,4,"Arkansas, AR",2.99423770800797
45,3,"Ashley, AR",5.145552432226404
46,2,"Baxter, AR",2.039422326307572
47,121,"Benton, AR",16.06852314756291
48,2,"Boone, AR",2.302887322055709
49,4,"Bradley, AR",14.17627974044701
50,11,"Carroll, AR",14.521487901769593
51,2,"Clark, AR",4.465702697936872
52,1,"Cleburne, AR",2.4035643100011725
53,1,"Conway, AR",3.751187084520418
54,29,"Craighead, AR",4.719878698339878
55,8,"Crawford, AR",6.988873996802687
56,13,"Crittenden, AR",2.3247359172709094
57,1,"Desha, AR",5.247670426679745
58,1,"Drew, AR",2.948416095890411
59,20,"Faulkner, AR",3.9479475489341205
60,2,"Franklin, AR",2.8147648744311478
61,18,"Garland, AR",5.214221727983196
62,2,"Greene, AR",2.6151560178306092
63,6,"Hempstead, AR",12.527017291066283
64,10,"Hot Spring, AR",3.2685406698564594
65,7,"Howard, AR",11.403573811818788
66,10,"Independence, AR",5.997839589522009
67,1,"Jackson, AR",2.68076593312375
68,9,"Jefferson, AR",1.8912758168128756
69,6,"Johnson, AR",13.34870317002882
70,1,"Lincoln, AR",3.5952637244348757
71,9,"Lonoke, AR",4.061504791032422
72,1,"Madison, AR",5.24712898927733
73,1,"Marion, AR",2.0970495001219214
74,7,"Miller, AR",2.899280905051986
75,2,"Mississippi, AR",3.902803230842327
76,2,"Ouachita, AR",1.9977353607246846
77,6,"Pike, AR",6.598892620495597
78,1,"Poinsett, AR",2.755791305789234
79,4,"Polk, AR",6.2986692952193195
80,19,"Pope, AR",8.200358121919914
81,138,"Pulaski, AR",5.9452892502922365
82,26,"Saline, AR",4.235271723612829
83,2,"Scott, AR",7.372666729199888
84,136,"Sebastian, AR",13.38112774929133
85,18,"Sevier, AR",32.33874251148723
86,1,"Union, AR",3.68423662418803
87,1,"Van Buren, AR",2.888941510774331
88,152,"Washington, AR",16.166052834992954
89,13,"White, AR",4.077490072694518
90,4,"Yell, AR",19.29913427887272
91,15,"Apache, AZ",5.947806374920521
92,112,"Cochise, AZ",34.40320806384921
93,67,"Coconino, AZ",13.711032564607716
94,25,"Gila, AZ",18.548675228943758
95,18,"Graham, AZ",32.09784433371526
96,1,"Greenlee, AZ",46.50910667823071
97,22,"La Paz, AZ",26.182033096926716
98,6560,"Maricopa, AZ",30.286832810368665
99,61,"Mohave, AZ",15.708469815203138
100,39,"Navajo, AZ",11.049912669001655
101,2029,"Pima, AZ",36.10597824461946
102,454,"Pinal, AZ",29.192865262924922
103,599,"Santa Cruz, AZ",83.21911186542634
104,108,"Yavapai, AZ",14.054880001463953
105,458,"Yuma, AZ",61.96603899809141
106,549,"Alameda, CA",22.55582890039166
107,6,"Amador, CA",13.045477910342775
108,30,"Butte, CA",15.411587612840979
109,19,"Calaveras, CA",11.226471967311943
110,16,"Colusa, CA",57.82032676372829
111,796,"Contra Costa, CA",25.06270731322066
112,1,"Del Norte, CA",19.27754452005212
113,14,"El Dorado, CA",12.496174863387978
114,755,"Fresno, CA",52.03039993355206
115,20,"Glenn, CA",40.230912210466116
116,12,"Humboldt, CA",10.748472429761359
117,2188,"Imperial, CA",82.70369728254487
118,6,"Inyo, CA",21.1011677398232
119,2496,"Kern, CA",51.61573535842046
120,70,"Kings, CA",53.148854326804695
121,21,"Lake, CA",18.861976403021412
122,215,"Lassen, CA",18.40663640632337
123,4076,"Los Angeles, CA",48.34019163471181
124,93,"Madera, CA",56.24779938187082
125,115,"Marin, CA",15.786287679578034
126,3,"Mariposa, CA",10.138849532445452
127,38,"Mendocino, CA",23.97350387259893
128,158,"Merced, CA",57.53751872634443
129,1,"Modoc, CA",14.77914314181335
130,4,"Mono, CA",27.506939007899796
131,397,"Monterey, CA",57.434548036847886
132,96,"Napa, CA",33.49168814753271
133,15,"Nevada, CA",9.143442249009013
134,3199,"Orange, CA",34.17882767157129
135,46,"Placer, CA",13.466785042542453
136,1,"Plumas, CA",8.414204969606484
137,708,"Riverside, CA",47.4621023696454
138,982,"Sacramento, CA",22.50841614277023
139,16,"San Benito, CA",58.33491240460974
140,1409,"San Bernardino, CA",51.69583159685469
141,2493,"San Diego, CA",33.083345320954734
142,153,"San Francisco, CA",15.277049261303896
143,264,"San Joaquin, CA",40.473519290490444
144,129,"San Luis Obispo, CA",21.922994115114108
145,230,"San Mateo, CA",25.081881634664814
146,862,"Santa Barbara, CA",44.3839825214215
147,378,"Santa Clara, CA",26.34356751205269
148,70,"Santa Cruz, CA",33.06635268758466
149,11,"Shasta, CA",9.319414377217845
150,1,"Sierra, CA",10.406004776526782
151,12,"Siskiyou, CA",11.679032701291565
152,80,"Solano, CA",25.439482676747456
153,270,"Sonoma, CA",26.042637652277328
154,235,"Stanislaus, CA",44.291796796221355
155,31,"Sutter, CA",29.856612791648324
156,68,"Tehama, CA",23.73879235102753
157,18,"Trinity, CA",7.207890743550835
158,305,"Tulare, CA",63.00209097152285
159,4,"Tuolumne, CA",11.571736224565573
160,575,"Ventura, CA",41.89631246219355
161,65,"Yolo, CA",31.21461718597231
162,18,"Yuba, CA",26.933434374873134
163,273,"Adams, CO",38.92936536542376
164,7,"Alamosa, CO",45.67969179966978
165,426,"Arapahoe, CO",18.66844324135296
166,2,"Archuleta, CO",18.535006070416834
167,2,"Bent, CO",31.60247592847318
168,69,"Boulder, CO",13.668576670350777
169,15,"Broomfield, CO",11.926532050152924
170,3,"Chaffee, CO",10.136705030528988
171,1,"Clear Creek, CO",5.66139857111929
172,2,"Costilla, CO",64.12256267409471
173,6,"Delta, CO",14.886999106581516
174,639,"Denver, CO",30.761507184499393
175,25,"Douglas, CO",8.189652429050593
176,36,"Eagle, CO",29.72737928687564
177,160,"El Paso, CO",16.18440972321403
178,7,"Elbert, CO",6.249742002063983
179,97,"Fremont, CO",12.889932742607025
180,40,"Garfield, CO",27.925906600573963
181,4,"Gilpin, CO",9.355290819901892
182,3,"Grand, CO",7.943409247757074
183,13,"Gunnison, CO",8.892944804581786
184,1,"Huerfano, CO",34.44257015795124
185,150,"Jefferson, CO",15.033553443925484
186,2,"Kit Carson, CO",19.439686811842428
187,23,"La Plata, CO",12.379153239248804
188,2,"Lake, CO",34.50885015538441
189,64,"Larimer, CO",11.008892223301807
190,5,"Las Animas, CO",42.31252618349393
191,2,"Lincoln, CO",21.323662737987306
192,8,"Logan, CO",15.323392187357058
193,33,"Mesa, CO",14.030209359772147
194,21,"Moffat, CO",14.60794844253491
195,8,"Montezuma, CO",12.108744135968623
196,28,"Montrose, CO",20.20016639749425
197,21,"Morgan, CO",35.20220588235294
198,2,"Otero, CO",41.28524945770065
199,1,"Park, CO",5.602189781021898
200,6,"Pitkin, CO",9.804480419540559
201,5,"Prowers, CO",36.704892335615874
202,31,"Pueblo, CO",42.546158684739574
203,2,"Rio Blanco, CO",10.28837488735356
204,6,"Rio Grande, CO",44.31730190140239
205,7,"Routt, CO",6.876563803169308
206,4,"Saguache, CO",38.097521982414065
207,2,"San Miguel, CO",9.73348783314021
208,16,"Summit, CO",14.154907923058527
209,1,"Teller, CO",6.100886162235856
210,2,"Washington, CO",9.181553801412546
211,148,"Weld, CO",28.77204970060957
212,3,"Yuma, CO",21.60591133004926
213,201,"Fairfield, CT",18.636007383036432
214,117,"Hartford, CT",16.897975770878386
215,4,"Litchfield, CT",5.402909134119401
216,18,"Middlesex, CT",5.64103187827631
217,45,"New Haven, CT",16.790958955665985
218,23,"New London, CT",9.815353284344178
219,1,"Tolland, CT",5.029369301663271
220,9,"Windham, CT",10.877363808742889
221,14,"Kent, DE",6.6050829863419525
222,77,"New Castle, DE",9.404398936950745
223,104,"Sussex, DE",9.195924705525888
224,18,"Alachua, FL",8.994820349129515
225,6,"Baker, FL",2.3176625659050965
226,28,"Bay, FL",5.728270193596133
227,4,"Bradford, FL",3.79657490991493
228,41,"Brevard, FL",9.301690973330741
229,413,"Broward, FL",27.56484134393544
230,1,"Calhoun, FL",5.635738831615121
231,19,"Charlotte, FL",6.632201931125546
232,2,"Citrus, FL",5.121998106128029
233,11,"Clay, FL",9.007916304792708
234,492,"Collier, FL",26.634523713803283
235,3,"Columbia, FL",5.554415085486378
236,24,"DeSoto, FL",30.688222234872203
237,265,"Duval, FL",8.632685455494011
238,43,"Escambia, FL",5.389987531252625
239,5,"Flagler, FL",9.79332860460371
240,3,"Franklin, FL",5.117471166168304
241,9,"Gadsden, FL",10.027517171148139
242,10,"Glades, FL",20.991058122205665
243,3,"Gulf, FL",4.807267680272538
244,11,"Hamilton, FL",9.030775657986354
245,21,"Hardee, FL",43.00417551827705
246,55,"Hendry, FL",51.138732541171564
247,9,"Hernando, FL",11.5720289371426
248,22,"Highlands, FL",18.477271347939553
249,276,"Hillsborough, FL",26.627308381561214
250,2,"Holmes, FL",1.5841381777300834
251,26,"Indian River, FL",11.794938833922748
252,28,"Jackson, FL",4.597606781470002
253,4,"Jefferson, FL",4.04061923022298
254,4,"Lafayette, FL",12.85746968657058
255,38,"Lake, FL",13.807913447066305
256,180,"Lee, FL",19.641393894004143
257,69,"Leon, FL",6.08136578788432
258,6,"Levy, FL",7.928073135719142
259,2,"Liberty, FL",6.155703077851539
260,9,"Madison, FL",4.827586206896552
261,92,"Manatee, FL",15.67014043139574
262,63,"Marion, FL",11.923041890339395
263,72,"Martin, FL",12.876321683421011
264,787,"Miami-Dade, FL",66.42812801895198
265,25,"Monroe, FL",22.506804925469865
266,7,"Nassau, FL",3.785611566714602
267,101,"Okaloosa, FL",8.348910611957221
268,49,"Okeechobee, FL",25.088787417554542
269,300,"Orange, FL",29.33812611708882
270,54,"Osceola, FL",50.24009334470224
271,479,"Palm Beach, FL",20.707742660090354
272,35,"Pasco, FL",13.427740574634967
273,95,"Pinellas, FL",8.849468042079808
274,119,"Polk, FL",19.733852288961266
275,5,"Putnam, FL",9.544423545032087
276,21,"Santa Rosa, FL",5.112170002989573
277,50,"Sarasota, FL",8.601269814150864
278,46,"Seminole, FL",19.25740282904912
279,41,"Sumter, FL",5.596492618123234
280,8,"Suwannee, FL",8.746248825968433
281,2,"Taylor, FL",3.440793552386857
282,15,"Union, FL",5.41592453328056
283,47,"Volusia, FL",12.332274875393006
284,1,"Wakulla, FL",3.67886568308105
285,44,"Walton, FL",5.888376023924067
286,8,"Washington, FL",3.4393145734356603
287,8,"Appling, GA",9.35361216730038
288,5,"Atkinson, GA",24.74600870827286
289,3,"Bacon, GA",8.230379521820282
290,4,"Baldwin, GA",2.1721096751659097
291,6,"Banks, GA",6.348167539267016
292,29,"Barrow, GA",9.603217889282792
293,44,"Bartow, GA",7.997684958113436
294,5,"Ben Hill, GA",6.055731111749497
295,2,"Berrien, GA",4.85620983882861
296,16,"Bibb, GA",3.110367459174806
297,6,"Brooks, GA",5.6120166187280285
298,2,"Bryan, GA",6.444991789819376
299,9,"Bulloch, GA",3.634076646477352
300,2,"Burke, GA",2.977493650932656
301,7,"Butts, GA",3.0836066271987734
302,4,"Camden, GA",6.114182600015358
303,1,"Candler, GA",11.056376573617953
304,30,"Carroll, GA",6.562291219803791
305,9,"Catoosa, GA",2.6932744306497067
306,632,"Charlton, GA",8.790869833436151
307,42,"Chatham, GA",6.048907870480127
308,4,"Chattooga, GA",4.619500119779605
309,110,"Cherokee, GA",9.88990976850266
310,41,"Clarke, GA",10.519760400534265
311,2,"Clay, GA",5.052151238591916
312,151,"Clayton, GA",13.137281745224202
313,1,"Clinch, GA",4.490754329321984
314,536,"Cobb, GA",12.619785059611086
315,20,"Coffee, GA",11.042702476650714
316,25,"Colquitt, GA",18.553541150384767
317,28,"Columbia, GA",6.04342978042086
318,7,"Cook, GA",5.8293866573115825
319,39,"Coweta, GA",6.630046082949309
320,5,"Crisp, GA",3.2479077229955333
321,4,"Dade, GA",2.1337735387625334
322,6,"Dawson, GA",3.9408866995073892
323,395,"DeKalb, GA",8.726733729151183
324,1,"Decatur, GA",5.628373168851195
325,1,"Dodge, GA",3.4817813765182186
326,9,"Dooly, GA",7.26808148200724
327,13,"Dougherty, GA",2.5420791543010637
328,58,"Douglas, GA",8.99966011729569
329,5,"Echols, GA",29.714285714285715
330,7,"Effingham, GA",3.681157344410227
331,3,"Elbert, GA",5.424358048881097
332,2,"Emanuel, GA",4.466839765875984
333,2,"Evans, GA",11.646324420013043
334,5,"Fannin, GA",2.011075488195861
335,28,"Fayette, GA",6.989360244760034
336,30,"Floyd, GA",10.301562386303392
337,74,"Forsyth, GA",9.38035037112259
338,8,"Franklin, GA",4.308635298359474
339,332,"Fulton, GA",7.419360987683056
340,8,"Gilmer, GA",10.944191186627988
341,24,"Glynn, GA",6.568388947387531
342,33,"Gordon, GA",14.99491788369978
343,13,"Grady, GA",10.650228673692583
344,4,"Greene, GA",6.168732990625945
345,828,"Gwinnett, GA",20.547399919015557
346,19,"Habersham, GA",13.752172719787758
347,239,"Hall, GA",27.38001490954526
348,2,"Haralson, GA",1.4650992430320577
349,4,"Harris, GA",3.1401551891367605
350,3,"Hart, GA",3.6013794184497216
351,33,"Henry, GA",6.2996390734506535
352,37,"Houston, GA",6.445751222030751
353,35,"Jackson, GA",6.951441309491237
354,6,"Jeff Davis, GA",11.422457032033705
355,1,"Jefferson, GA",3.4442318375408925
356,2,"Jenkins, GA",3.898398674765323
357,2,"Johnson, GA",2.3107076542191045
358,3,"Jones, GA",1.369290268631755
359,3,"Lanier, GA",5.259102292429205
360,3,"Laurens, GA",2.518723065980503
361,3,"Liberty, GA",12.050227525059032
362,1,"Long, GA",11.77869280287653
363,38,"Lowndes, GA",5.316160073047815
364,6,"Lumpkin, GA",4.598957998327652
365,7,"Madison, GA",4.636485438262464
366,3,"Marion, GA",1.6308119361554476
367,5,"Meriwether, GA",0.89171974522293
368,3,"Miller, GA",0.10150566739976315
369,5,"Mitchell, GA",4.381420669066643
370,4,"Monroe, GA",2.3221416950155302
371,10,"Murray, GA",13.964124193302505
372,56,"Muscogee, GA",7.391302177201539
373,8,"Newton, GA",4.905631322123945
374,4,"Oconee, GA",4.647714636024065
375,1,"Oglethorpe, GA",4.0018992064030385
376,9,"Paulding, GA",5.629046252419409
377,8,"Peach, GA",7.247184747463485
378,5,"Pickens, GA",3.0441451053614297
379,1,"Pierce, GA",5.097214923804519
380,15,"Polk, GA",12.812931682136538
381,1,"Pulaski, GA",4.694589877835951
382,4,"Putnam, GA",6.500776141869326
383,13,"Rabun, GA",8.01863658656204
384,20,"Richmond, GA",4.6336474396528615
385,35,"Rockdale, GA",10.019527458347131
386,2,"Seminole, GA",2.955381784728611
387,6,"Spalding, GA",4.3574039933756215
388,3,"Stephens, GA",2.9471544715447155
389,10,"Sumter, GA",5.2784036047634375
390,8,"Tattnall, GA",10.870942201108472
391,558,"Telfair, GA",14.495580615665956
392,1,"Terrell, GA",2.5843188786684186
393,6,"Thomas, GA",3.43731240411766
394,16,"Tift, GA",11.122852719274533
395,3,"Toombs, GA",11.373343151693668
396,2,"Towns, GA",2.3505830903790086
397,1,"Treutlen, GA",1.7285054388317689
398,25,"Troup, GA",3.6269729059064546
399,7,"Turner, GA",4.428904428904429
400,3,"Upson, GA",2.3073425778586043
401,9,"Walker, GA",1.9415053637204114
402,16,"Walton, GA",3.8519602909556707
403,9,"Ware, GA",3.756552942165905
404,1,"Washington, GA",2.1953578336557062
405,40,"Wayne, GA",6.062120909151503
406,2,"Wheeler, GA",2.0171457387796266
407,2,"White, GA",2.9673063255152807
408,122,"Whitfield, GA",33.50409539521287
409,2,"Wilcox, GA",4.074741107609185
410,2,"Wilkes, GA",4.181781539701733
411,1,"Wilkinson, GA",2.5343642611683848
412,18,"Hawaii, HI",12.405514250309789
413,4,"Kauai, HI",10.654818516047525
414,24,"Maui, HI",10.868173536219038
415,5,"Allamakee, IA",5.656738804371116
416,1,"Benton, IA",1.380248833592535
417,20,"Black Hawk, IA",4.135641201316057
418,2,"Bremer, IA",1.3745286461501034
419,23,"Buena Vista, IA",24.680851063829788
420,2,"Carroll, IA",2.2573583069812697
421,2,"Cass, IA",2.352415692697089
422,2,"Cedar, IA",1.816303224753929
423,6,"Cerro Gordo, IA",4.403851927118214
424,1,"Cherokee, IA",3.105854322668482
425,4,"Clarke, IA",12.067292138466517
426,8,"Clay, IA",3.1982036654933848
427,1,"Clayton, IA",1.866365943050465
428,3,"Clinton, IA",2.951721837738681
429,12,"Crawford, IA",27.27590832215548
430,10,"Dallas, IA",6.119835028306478
431,1,"Davis, IA",1.2545620437956204
432,1,"Des Moines, IA",2.8593508500772797
433,11,"Dubuque, IA",2.206332568831142
434,2,"Emmet, IA",9.063136456211812
435,2,"Fayette, IA",2.2313765877102645
436,5,"Franklin, IA",11.863754450110651
437,1,"Fremont, IA",2.5074796979626726
438,8,"Hamilton, IA",5.6281605043672425
439,3,"Hancock, IA",3.7343267308740686
440,2,"Hardin, IA",4.034864927268529
441,1,"Harrison, IA",1.5905127310777818
442,1,"Henry, IA",4.483225515270046
443,4,"Humboldt, IA",3.6848131570729676
444,2,"Ida, IA",2.101974151398949
445,1,"Jasper, IA",1.8548277270870217
446,1,"Jefferson, IA",2.9498358056845206
447,40,"Johnson, IA",5.322310324915849
448,2,"Lee, IA",3.4004321619470037
449,20,"Linn, IA",2.9929932684018414
450,1,"Louisa, IA",15.927473113501023
451,1,"Lyon, IA",2.4381926683716966
452,2,"Marion, IA",1.813416875018827
453,15,"Marshall, IA",19.796244016202284
454,1,"Mills, IA",2.7491408934707904
455,2,"Montgomery, IA",3.3911368015414256
456,6,"Muscatine, IA",17.1366038790193
457,3,"Osceola, IA",6.922326941826454
458,1,"Page, IA",2.9771090534979425
459,2,"Plymouth, IA",4.028511933365369
460,161,"Polk, IA",7.988953717557534
461,29,"Pottawattamie, IA",7.238352754350952
462,3,"Poweshiek, IA",3.044785737299968
463,2,"Ringgold, IA",2.1369212504946575
464,2,"Scott, IA",6.283456836298183
465,2,"Shelby, IA",2.9052243804420628
466,27,"Sioux, IA",9.846624880852662
467,15,"Story, IA",3.152877659911003
468,5,"Tama, IA",8.219020834529072
469,1,"Union, IA",2.6955897599489593
470,8,"Wapello, IA",10.240621985131378
471,5,"Warren, IA",2.4185177496367034
472,11,"Washington, IA",5.629663124576079
473,2,"Wayne, IA",1.2025612993909105
474,1,"Webster, IA",4.3562753036437245
475,2,"Winneshiek, IA",2.1020732117946994
476,46,"Woodbury, IA",15.264678890125555
477,28,"Wright, IA",10.542238771235745
478,87,"Ada, ID",7.727842779909723
479,10,"Bannock, ID",7.967547575016405
480,5,"Bingham, ID",17.75700934579439
481,8,"Blaine, ID",20.740187613758344
482,1,"Bonner, ID",2.7616033245548333
483,37,"Bonneville, ID",12.402169026232004
484,126,"Canyon, ID",24.62792555552268
485,3,"Caribou, ID",5.328049317481286
486,69,"Cassia, ID",26.65415297982168
487,5,"Elmore, ID",16.105428494809026
488,4,"Franklin, ID",6.693306693306693
489,7,"Fremont, ID",12.321650124069478
490,24,"Gooding, ID",28.950319984165734
491,3,"Jefferson, ID",10.370534396220844
492,63,"Jerome, ID",33.58596985987486
493,8,"Kootenai, ID",4.210105878848601
494,3,"Latah, ID",4.039592672246262
495,1,"Lemhi, ID",2.9833397907787678
496,4,"Lincoln, ID",29.79969765684051
497,6,"Madison, ID",6.923964947263473
498,6,"Minidoka, ID",33.78584427721214
499,2,"Nez Perce, ID",3.572946618327291
500,10,"Owyhee, ID",26.426558647411056
501,5,"Payette, ID",16.6688622491547
502,3,"Power, ID",32.315488565488565
503,8,"Teton, ID",17.380473316087
504,50,"Twin Falls, ID",15.113334568587486
505,1,"Valley, ID",1.1215519854501363
506,3,"Washington, ID",17.369207772795217
507,7,"Bond, IL",3.489525587909202
508,11,"Boone, IL",20.53824362606232
509,1,"Bureau, IL",8.497427709774703
510,4,"Cass, IL",18.44964799510254
511,32,"Champaign, IL",5.609437070051351
512,1,"Christian, IL",1.5108593012275733
513,2,"Clark, IL",1.41090185841258
514,6,"Clinton, IL",3.0482328701991652
515,2,"Coles, IL",2.31809401159047
516,881,"Cook, IL",24.88425321492279
517,12,"DeKalb, IL",10.68946370790174
518,1,"Douglas, IL",7.076378351036924
519,298,"DuPage, IL",13.96690431310007
520,5,"Effingham, IL",1.8861334264757248
521,1,"Franklin, IL",1.5264663443282789
522,8,"Grundy, IL",9.106440462473678
523,2,"Iroquois, IL",6.340667730964114
524,10,"Jackson, IL",4.156247888085423
525,240,"Kane, IL",31.35383534460659
526,64,"Kankakee, IL",9.843667315436843
527,5,"Kendall, IL",16.968020287850344
528,4,"Knox, IL",5.367908486628536
529,151,"Lake, IL",20.85788672480758
530,5,"Livingston, IL",4.297440849830999
531,5,"Logan, IL",3.3366867873910127
532,7,"Macon, IL",2.1078557986790156
533,26,"Madison, IL",3.048819346301343
534,3,"Marion, IL",1.7842765498792303
535,2,"Marshall, IL",3.067993366500829
536,4,"McDonough, IL",2.6696504554480414
537,71,"McHenry, IL",12.285603566462488
538,31,"McLean, IL",4.6792570445704
539,6,"Montgomery, IL",1.6996006962219719
540,1,"Morgan, IL",2.284417114450734
541,5,"Ogle, IL",9.589883537686896
542,9,"Peoria, IL",4.472802406620347
543,1,"Piatt, IL",1.2569069160240451
544,1,"Pike, IL",1.258253394792575
545,1,"Pulaski, IL",1.9509668508287292
546,4,"Randolph, IL",2.9877937693568954
547,18,"Rock Island, IL",12.346454113664901
548,14,"Sangamon, IL",2.122946651966633
549,4,"Stephenson, IL",3.43106540198345
550,24,"Tazewell, IL",2.2119645494830134
551,1,"Union, IL",4.943292473364647
552,2,"Vermilion, IL",4.702749550952734
553,2,"Warren, IL",9.05683947532792
554,2,"Washington, IL",1.44756072099659
555,1,"Wayne, IL",0.7628503965611189
556,3,"Whiteside, IL",11.66827049252034
557,311,"Will, IL",16.513515169731154
558,4,"Williamson, IL",2.423666389449923
559,44,"Winnebago, IL",11.920898870181656
560,1,"Woodford, IL",1.7048794826572604
561,2,"Adams, IN",4.4035274179185935
562,44,"Allen, IN",7.060303913120785
563,37,"Bartholomew, IN",6.332680822413127
564,1,"Benton, IN",5.1555861752210355
565,2,"Blackford, IN",1.4234875444839856
566,3,"Boone, IN",2.5903302953913774
567,2,"Brown, IN",1.536919478783829
568,2,"Carroll, IN",3.938621482481132
569,13,"Cass, IN",14.066903246007723
570,54,"Clark, IN",5.116980867246235
571,1,"Clay, IN",1.2947907256850346
572,25,"Clinton, IN",14.719197357151598
573,10,"Daviess, IN",4.628180339440813
574,3,"Dearborn, IN",1.1785598966742008
575,3,"Decatur, IN",1.845102505694761
576,3,"Delaware, IN",2.1302903067927152
577,15,"Dubois, IN",6.68555909788641
578,65,"Elkhart, IN",15.002975600079349
579,26,"Floyd, IN",2.9754882684493382
580,2,"Fountain, IN",2.3594767337673974
581,1,"Franklin, IN",1.0923231528815485
582,4,"Gibson, IN",1.4339152119700749
583,6,"Grant, IN",4.060408091520309
584,1,"Greene, IN",1.2410749854441823
585,31,"Hamilton, IN",3.7453554292804294
586,14,"Hancock, IN",2.0832464734903757
587,2,"Harrison, IN",1.668783337566675
588,67,"Hendricks, IN",3.525289281657329
589,2,"Henry, IN",1.599493391620534
590,2,"Howard, IN",3.0533797505076876
591,3,"Huntington, IN",2.0547198604752563
592,17,"Jackson, IN",6.13470220225955
593,3,"Jasper, IN",5.905382385463674
594,1,"Jay, IN",2.9675410454802793
595,2,"Jefferson, IN",2.46290253063235
596,4,"Jennings, IN",2.25885879456161
597,32,"Johnson, IN",3.334078757445771
598,4,"Knox, IN",1.7388555169143216
599,7,"Kosciusko, IN",7.72613145384331
600,6,"LaPorte, IN",6.078761723712306
601,20,"Lake, IN",18.039893975470598
602,1,"Lawrence, IN",1.5165441176470589
603,13,"Madison, IN",3.707012058954891
604,453,"Marion, IN",9.83283662789575
605,10,"Marshall, IN",9.313945294984306
606,2,"Martin, IN",0.21530632217655118
607,2,"Miami, IN",2.7817028232621284
608,4,"Monroe, IN",3.2604751137537336
609,7,"Montgomery, IN",4.594835730030439
610,4,"Morgan, IN",1.4085520257826887
611,1,"Owen, IN",1.1693126723072536
612,1,"Parke, IN",1.432513356425762
613,4,"Porter, IN",9.377544666379269
614,1,"Pulaski, IN",2.78853601859024
615,2,"Putnam, IN",2.6178706213788336
616,4,"Randolph, IN",3.2240286580325157
617,6,"Ripley, IN",1.7462368595676316
618,2,"Rush, IN",1.4283174302139512
619,2,"Scott, IN",1.8496671441813433
620,7,"Shelby, IN",3.934330240518872
621,1,"Steuben, IN",3.3577408909244726
622,2,"Sullivan, IN",1.6646057262436984
623,21,"Tippecanoe, IN",7.976139195297632
624,2,"Tipton, IN",2.47944584709005
625,19,"Vanderburgh, IN",2.4767188428769566
626,1,"Vermillion, IN",1.1046216353478922
627,13,"Vigo, IN",2.505111055606435
628,1,"Wabash, IN",2.4209839326226805
629,4,"Warrick, IN",1.712601950282449
630,9,"Wayne, IN",2.77205108049182
631,1,"Wells, IN",2.590171001580687
632,10,"White, IN",7.554090253451474
633,1,"Whitley, IN",1.8438568087785572
634,2,"Allen, KS",3.2584356420353644
635,1,"Anderson, KS",0.4581318401628913
636,1,"Atchison, KS",2.8084797970646855
637,1,"Barber, KS",3.1463465121092944
638,12,"Barton, KS",14.172852208422135
639,1,"Bourbon, KS",2.3727204935258626
640,1,"Brown, KS",3.873598369011213
641,5,"Butler, KS",4.4066159604008215
642,1,"Chase, KS",4.046028210838902
643,1,"Cheyenne, KS",6.308324001493094
644,2,"Clark, KS",11.872360394181136
645,1,"Clay, KS",2.3963575365444525
646,2,"Cloud, KS",3.1928617501612555
647,2,"Coffey, KS",2.466500652199692
648,1,"Comanche, KS",6.269757639620653
649,11,"Cowley, KS",10.253773244017012
650,15,"Crawford, KS",5.109340393574502
651,4,"Dickinson, KS",4.431489888567891
652,21,"Douglas, KS",5.770420792079208
653,1,"Edwards, KS",19.865546218487395
654,14,"Ellis, KS",5.483604298704877
655,2,"Ellsworth, KS",6.023529411764706
656,45,"Finney, KS",48.42224805991942
657,68,"Ford, KS",53.09347094978546
658,3,"Franklin, KS",3.9512138097650316
659,9,"Geary, KS",15.008963007224727
660,7,"Grant, KS",46.19256582343831
661,1,"Gray, KS",14.70929269504721
662,3,"Hamilton, KS",35.91741332294507
663,2,"Harper, KS",6.312521559158331
664,12,"Harvey, KS",11.383351525248463
665,4,"Haskell, KS",28.89650110105212
666,3,"Jackson, KS",4.212495323606435
667,173,"Johnson, KS",7.327733793595002
668,6,"Kearny, KS",30.509764138980472
669,2,"Kingman, KS",3.0531375860724954
670,2,"Kiowa, KS",6.031746031746032
671,1,"Labette, KS",4.324869197907166
672,1,"Lane, KS",5.275637225844695
673,29,"Leavenworth, KS",6.704321888684395
674,1,"Logan, KS",5.035714285714286
675,11,"Lyon, KS",20.63710667345289
676,1,"Marion, KS",3.1196266273642843
677,1,"Marshall, KS",2.308541603934558
678,5,"Meade, KS",15.174013921113689
679,3,"Miami, KS",2.9188397840607556
680,4,"Mitchell, KS",2.0479441181139864
681,6,"Montgomery, KS",6.071375684880794
682,2,"Morton, KS",21.430926475436863
683,1,"Neosho, KS",4.957818804254799
684,2,"Ness, KS",10.403675746636036
685,1,"Osage, KS",2.793575401537404
686,1,"Ottawa, KS",2.731512325116589
687,2,"Pottawatomie, KS",5.244328097731239
688,1,"Pratt, KS",6.845513413506013
689,8,"Reno, KS",8.875758193188409
690,9,"Riley, KS",7.781302481806307
691,1,"Rooks, KS",2.441860465116279
692,2,"Russell, KS",2.847738981110475
693,19,"Saline, KS",10.684645435397051
694,186,"Sedgwick, KS",13.891004110416533
695,35,"Seward, KS",58.98210049601035
696,56,"Shawnee, KS",11.705970308063641
697,1,"Stanton, KS",32.860520094562645
698,4,"Stevens, KS",34.66364586964099
699,1,"Sumner, KS",5.236292483729636
700,2,"Wilson, KS",2.7914247431889234
701,115,"Wyandotte, KS",27.604665681771824
702,6,"Adair, KY",1.842764669033201
703,3,"Allen, KY",1.851035698545615
704,4,"Anderson, KY",1.5640005487721222
705,1,"Ballard, KY",1.1684518013631937
706,11,"Barren, KY",2.957007877653799
707,1,"Bell, KY",0.42997542997543
708,23,"Boone, KY",3.9663844145922202
709,4,"Bourbon, KY",6.63367326534693
710,5,"Boyd, KY",1.6093275309959767
711,3,"Boyle, KY",3.123102866779089
712,1,"Breckinridge, KY",1.2149999999999999
713,13,"Bullitt, KY",1.6982515728125362
714,1,"Butler, KY",3.4222014343623326
715,5,"Calloway, KY",2.5429481489217274
716,6,"Campbell, KY",1.8314818054583626
717,6,"Carroll, KY",6.718634001484782
718,2,"Carter, KY",1.1981533049978015
719,3,"Casey, KY",2.699648417880462
720,8,"Christian, KY",7.311729062973383
721,16,"Clark, KY",2.7530387049795553
722,44,"Clay, KY",2.1502835538752363
723,1,"Cumberland, KY",0.20648967551622419
724,22,"Daviess, KY",2.740974838944937
725,1,"Estill, KY",0.27766208524226016
726,211,"Fayette, KY",6.844306629559367
727,2,"Fleming, KY",1.1758234202021591
728,12,"Franklin, KY",2.907046536753231
729,2,"Gallatin, KY",5.1152990752663
730,2,"Garrard, KY",2.257932086094657
731,3,"Graves, KY",5.931137804649669
732,2,"Grayson, KY",1.2225969645868466
733,1,"Green, KY",0.9080284096017261
734,15,"Hardin, KY",5.473492419101447
735,1,"Harrison, KY",2.2438134092007083
736,7,"Henderson, KY",2.2410594883740997
737,4,"Hopkins, KY",1.835673763454777
738,172,"Jefferson, KY",4.813326945048465
739,7,"Jessamine, KY",3.0069587376261886
740,21,"Kenton, KY",2.9358662855813895
741,1,"Larue, KY",3.1358391732144124
742,2,"Laurel, KY",1.4395329441201001
743,1,"Lincoln, KY",1.5476580412708811
744,2,"Logan, KY",2.634824531898195
745,6,"Madison, KY",2.2307727543401583
746,5,"Marion, KY",2.461917218033544
747,5,"Marshall, KY",1.3423893890366194
748,9,"Martin, KY",1.7550889565635517
749,3,"Mason, KY",1.5729293632828372
750,6,"McCracken, KY",2.3096244562886725
751,3,"McCreary, KY",3.019607843137255
752,3,"Mercer, KY",2.4893746205221614
753,3,"Monroe, KY",2.852600074822297
754,5,"Montgomery, KY",2.5665364535796433
755,2,"Muhlenberg, KY",0.5606099436186571
756,11,"Nelson, KY",2.018941504178273
757,2,"Ohio, KY",2.82792315336204
758,31,"Oldham, KY",3.74475546371094
759,3,"Pike, KY",0.7883295376725963
760,3,"Pulaski, KY",2.3207677350561373
761,2,"Rowan, KY",2.2261542259896303
762,8,"Russell, KY",3.5286134358742367
763,9,"Scott, KY",4.288385136714186
764,32,"Shelby, KY",8.850935130206596
765,1,"Simpson, KY",2.111335125448029
766,2,"Spencer, KY",1.8934711765366894
767,2,"Taylor, KY",2.1212719731384553
768,3,"Todd, KY",3.9149618933012436
769,33,"Warren, KY",4.964234384550576
770,2,"Washington, KY",3.9776982607972036
771,2,"Webster, KY",4.950866401620284
772,1,"Whitley, KY",1.1104291055186652
773,17,"Woodford, KY",6.588253682935406
774,13,"Barnstable, MA",2.636665533318119
775,7,"Berkshire, MA",4.060266173004675
776,44,"Bristol, MA",7.014100650965635
777,5,"Dukes, MA",1.6689035420435316
778,203,"Essex, MA",18.82637821987569
779,2,"Franklin, MA",3.6648993175023974
780,26,"Hampden, MA",23.314148250696473
781,5,"Hampshire, MA",5.253516316328748
782,252,"Middlesex, MA",7.468821964646819
783,8,"Nantucket, MA",11.857116139891529
784,83,"Norfolk, MA",3.9909261622237846
785,182,"Plymouth, MA",3.555462571325374
786,285,"Suffolk, MA",21.810844853390368
787,58,"Worcester, MA",10.475559526984755
788,5,"Allegany, MD",1.6876539830276487
789,69,"Anne Arundel, MD",7.039377421896355
790,103,"Baltimore, MD",4.947521152621036
791,1,"Calvert, MD",3.415555580103174
792,6,"Caroline, MD",6.434324564358558
793,8,"Carroll, MD",3.041752469633211
794,10,"Cecil, MD",4.0
795,3,"Charles, MD",5.143271766100662
796,4,"Dorchester, MD",4.671658808665372
797,42,"Frederick, MD",8.413940402111187
798,2,"Garrett, MD",1.0142534622771842
799,18,"Harford, MD",4.0868618281980655
800,34,"Howard, MD",6.352793186511783
801,3,"Kent, MD",4.389727029618043
802,175,"Montgomery, MD",18.565411532477047
803,146,"Prince George's, MD",16.739352985931717
804,12,"Queen Anne's, MD",3.4242075874527838
805,3,"Somerset, MD",3.6179003050310827
806,15,"Talbot, MD",6.100669002867155
807,8,"Washington, MD",4.200680613220477
808,19,"Wicomico, MD",4.893279620199553
809,20,"Worcester, MD",3.355300246884781
810,1,"Androscoggin, ME",1.7331619728803458
811,3,"Cumberland, ME",1.9215555648082607
812,1,"Franklin, ME",1.2685827552031714
813,2,"Knox, ME",1.2412820706498477
814,1,"Oxford, ME",1.200719035236217
815,3,"Penobscot, ME",1.2387402110107335
816,1,"Washington, ME",1.8198903680501175
817,1,"York, ME",1.556827701759285
818,38,"Allegan, MI",7.08127320394841
819,3,"Alpena, MI",1.2962770921912268
820,1,"Antrim, MI",1.9556321343958647
821,3,"Barry, MI",2.576033447973565
822,1,"Bay, MI",5.042080164362389
823,47,"Berrien, MI",5.049183286706976
824,8,"Branch, MI",4.334564135495264
825,16,"Calhoun, MI",4.832542634622952
826,1,"Cass, MI",3.4752389226759344
827,1,"Charlevoix, MI",1.723215650313312
828,1,"Chippewa, MI",1.6671014870858334
829,6,"Clinton, MI",4.353679849828468
830,4,"Eaton, MI",5.160119398584905
831,12,"Genesee, MI",3.2501391948485803
832,5,"Grand Traverse, MI",2.6213966819158907
833,9,"Gratiot, MI",5.633937997888474
834,1,"Hillsdale, MI",2.1184599339475056
835,50,"Ingham, MI",7.548522450528713
836,11,"Ionia, MI",4.637744440632504
837,7,"Isabella, MI",3.702496670161816
838,8,"Jackson, MI",3.3276273960234004
839,21,"Kalamazoo, MI",4.585758202664295
840,1,"Kalkaska, MI",1.6976649863839157
841,271,"Kent, MI",10.155683941578005
842,8,"Lapeer, MI",4.509115615445589
843,3,"Leelanau, MI",4.00661643080316
844,8,"Lenawee, MI",7.668764504981099
845,5,"Livingston, MI",2.2029584429700657
846,55,"Macomb, MI",2.4458446696126455
847,3,"Manistee, MI",2.779480891068874
848,2,"Marquette, MI",1.3957696757542497
849,3,"Mason, MI",4.371413667188316
850,1,"Mecosta, MI",2.068933632307728
851,5,"Midland, MI",2.5012266781555548
852,7,"Missaukee, MI",2.5279403938265035
853,47,"Monroe, MI",3.367234652705992
854,6,"Montcalm, MI",3.3295190871237406
855,7,"Muskegon, MI",5.328554499616609
856,3,"Newaygo, MI",5.728048043038555
857,164,"Oakland, MI",3.7631505446420257
858,24,"Oceana, MI",14.419547262159682
859,1,"Ogemaw, MI",1.87177178600199
860,1,"Osceola, MI",1.6701191092698082
861,2,"Otsego, MI",1.5745102901066206
862,46,"Ottawa, MI",9.276781291691826
863,2,"Roscommon, MI",1.5230125523012552
864,4,"Saginaw, MI",8.198216197662923
865,1,"Sanilac, MI",3.6397595843011423
866,1,"Shiawassee, MI",2.760174418604651
867,3,"Tuscola, MI",3.173251379272041
868,33,"Van Buren, MI",11.01095511593278
869,46,"Washtenaw, MI",4.442557849877961
870,200,"Wayne, MI",5.643380574600601
871,2,"Wexford, MI",1.766730634499985
872,31,"Anoka, MN",4.057740828544552
873,2,"Benton, MN",2.0047139924474746
874,11,"Blue Earth, MN",3.076735242048715
875,1,"Brown, MN",3.8970268883010224
876,12,"Carver, MN",4.042494055155801
877,4,"Chippewa, MN",6.020122051789543
878,3,"Chisago, MN",1.9318665457708037
879,9,"Cottonwood, MN",6.801072942805226
880,1,"Crow Wing, MN",1.3581592204797777
881,83,"Dakota, MN",6.574591275686554
882,2,"Dodge, MN",4.852413928588969
883,3,"Faribault, MN",6.211488065727035
884,1,"Fillmore, MN",1.2741294247257748
885,4,"Freeborn, MN",9.365549087834541
886,4,"Goodhue, MN",3.1130247578040904
887,307,"Hennepin, MN",6.806779324631078
888,2,"Isanti, MN",1.7758248615480614
889,2,"Jackson, MN",3.2765915576109417
890,16,"Kandiyohi, MN",11.745471653728535
891,1,"Koochiching, MN",0.19334880123743234
892,1,"Lake of the Woods, MN",1.2304537298128686
893,3,"Le Sueur, MN",5.616636528028933
894,1,"Lincoln, MN",1.605385810460901
895,8,"Lyon, MN",6.178418387222439
896,3,"McLeod, MN",5.516895841451873
897,1,"Meeker, MN",3.485753875465489
898,1,"Mille Lacs, MN",2.047463936714751
899,3,"Morrison, MN",1.4946727549467276
900,17,"Mower, MN",10.93813697513249
901,4,"Nicollet, MN",4.165412628664299
902,39,"Nobles, MN",26.052740577108935
903,1,"Norman, MN",4.820729135281711
904,37,"Olmsted, MN",4.634786547993391
905,5,"Otter Tail, MN",3.1043089402710855
906,1,"Pennington, MN",3.383724215880192
907,5,"Pine, MN",2.7625829979014003
908,5,"Pipestone, MN",5.288099084544965
909,2,"Polk, MN",5.958795562599049
910,100,"Ramsey, MN",7.334514832708719
911,1,"Redwood, MN",2.8951084863268712
912,7,"Renville, MN",7.642547515838613
913,5,"Rice, MN",7.769211868050863
914,1,"Roseau, MN",1.063489012749055
915,20,"Scott, MN",4.743709226467847
916,18,"Sherburne, MN",2.448787121112427
917,55,"Stearns, MN",3.087966367523314
918,4,"Steele, MN",7.213814619194878
919,1,"Stevens, MN",4.578979717271051
920,6,"Todd, MN",5.337990548592562
921,2,"Wabasha, MN",2.874290805082759
922,1,"Wadena, MN",1.7157397310069065
923,49,"Waseca, MN",5.668803194283913
924,33,"Washington, MN",3.8163581177511103
925,4,"Watonwan, MN",22.635503819570754
926,11,"Winona, MN",2.737315475608564
927,4,"Wright, MN",2.695463431905297
928,6,"Yellow Medicine, MN",4.144251842996613
929,3,"Audrain, MO",2.872274625019329
930,6,"Barry, MO",8.617986336655841
931,4,"Bates, MO",2.010537152546479
932,24,"Boone, MO",3.179895006742952
933,21,"Buchanan, MO",6.1030028518704915
934,4,"Butler, MO",1.914333014666449
935,2,"Callaway, MO",1.9622759716286666
936,4,"Camden, MO",2.597843812284834
937,6,"Cape Girardeau, MO",2.2589609291961734
938,18,"Cass, MO",4.14511862934744
939,2,"Christian, MO",2.7640671273445214
940,17,"Clay, MO",6.46921311686362
941,1,"Clinton, MO",1.9273933834292964
942,25,"Cole, MO",2.7100766288526557
943,1,"Daviess, MO",1.42909046869323
944,1,"DeKalb, MO",3.8643160711474898
945,3,"Dunklin, MO",6.171852515109847
946,3,"Franklin, MO",1.6382038544820356
947,71,"Greene, MO",3.3855434771185045
948,2,"Grundy, MO",1.974391555077705
949,1,"Harrison, MO",2.0349173314834084
950,184,"Jackson, MO",8.685381112656753
951,42,"Jasper, MO",7.55776308615049
952,2,"Jefferson, MO",1.777454113902712
953,1,"Laclede, MO",2.2475707646810306
954,7,"Lafayette, MO",2.6502790570008234
955,4,"Lawrence, MO",7.004502146372108
956,1,"Lincoln, MO",2.2418303061562836
957,1,"Linn, MO",1.9400925399788944
958,1,"Livingston, MO",1.5208872949458723
959,3,"Macon, MO",1.188388856419248
960,1,"Madison, MO",0.8385068128678546
961,9,"McDonald, MO",11.430457746478872
962,1,"Moniteau, MO",4.463383838383839
963,1,"Morgan, MO",2.041423050242791
964,2,"New Madrid, MO",1.6292720390586428
965,3,"Newton, MO",4.9811886076164855
966,1,"Nodaway, MO",1.515677929297316
967,1,"Pemiscot, MO",2.431956361156884
968,2,"Perry, MO",2.072890559732665
969,14,"Pettis, MO",8.252553741141895
970,2,"Phelps, MO",2.3665603461735776
971,2,"Pike, MO",2.1488497970230043
972,20,"Platte, MO",5.6144045488048855
973,1,"Putnam, MO",1.4148041828993234
974,1,"Randolph, MO",1.9137992902994296
975,1,"Ray, MO",2.2992016055145936
976,4,"Saline, MO",9.481347462738004
977,4,"Scott, MO",2.0951941324306302
978,1,"Stoddard, MO",1.571102457365382
979,2,"Sullivan, MO",18.31359102244389
980,6,"Taney, MO",5.370174363545206
981,2,"Texas, MO",1.9968859478396261
982,2,"Warren, MO",3.1661159507359566
983,767,"Adams, MS",7.994456169086843
984,1,"Alcorn, MS",3.0930874587901043
985,1,"Calhoun, MS",5.528389024721543
986,2,"Copiah, MS",2.8874218207088256
987,89,"DeSoto, MS",4.745157703786061
988,25,"Forrest, MS",3.0731310800534914
989,2,"George, MS",2.337751469137391
990,4,"Hancock, MS",3.680368471365256
991,32,"Harrison, MS",5.32255627738329
992,39,"Hinds, MS",1.519239889450359
993,19,"Jackson, MS",5.5065672701455455
994,1,"Jasper, MS",0.3265207401136776
995,25,"Jones, MS",4.231990982682652
996,15,"Lafayette, MS",2.360469794800069
997,7,"Lamar, MS",2.4621370947453163
998,5,"Lauderdale, MS",2.1569295621773756
999,1,"Lawrence, MS",0.6427041180671268
1000,6,"Leake, MS",4.289252965972796
1001,3,"Lee, MS",2.4178890960471855
1002,1,"Lowndes, MS",1.91519611942795
1003,32,"Madison, MS",2.756628778575709
1004,1,"Marion, MS",1.4025571483920962
1005,1,"Monroe, MS",1.0713591828804574
1006,1,"Panola, MS",1.617179987761881
1007,3,"Pearl River, MS",2.9347254699367378
1008,4,"Pike, MS",1.4271764440772177
1009,2,"Pontotoc, MS",6.111075108547729
1010,54,"Rankin, MS",2.5451226931656863
1011,17,"Scott, MS",10.750672138106692
1012,2,"Stone, MS",1.750486246179494
1013,1,"Tate, MS",2.463123720798927
1014,4,"Union, MS",4.3588552645682235
1015,1,"Warren, MS",2.094744324120918
1016,2,"Wayne, MS",1.4475800555636789
1017,86,"Yazoo, MS",3.632887189292543
1018,2,"Dawson, MT",2.7886756441522635
1019,1,"Fergus, MT",0.8224691574065973
1020,1,"Flathead, MT",2.5523781363521163
1021,4,"Gallatin, MT",3.139100430796872
1022,1,"Hill, MT",3.2730352713412794
1023,5,"Missoula, MT",3.017656784643814
1024,1,"Powell, MT",2.453810623556582
1025,1,"Richland, MT",4.968398876404494
1026,1,"Rosebud, MT",4.535729567821994
1027,4,"Silver Bow, MT",4.08275462962963
1028,2,"Toole, MT",3.3437622213531486
1029,7,"Yellowstone, MT",5.259939231640746
1030,45,"Alamance, NC",12.073133297521295
1031,2,"Alexander, NC",4.466421219531859
1032,5,"Alleghany, NC",9.330143540669857
1033,2,"Anson, NC",3.6317273886334664
1034,3,"Ashe, NC",5.120035566093657
1035,3,"Avery, NC",5.013327284069642
1036,7,"Beaufort, NC",7.477953402226759
1037,1,"Bertie, NC",1.9385947648100768
1038,1,"Bladen, NC",7.488245196493875
1039,14,"Brunswick, NC",4.732853894114982
1040,43,"Buncombe, NC",6.29238101330604
1041,2,"Burke, NC",5.80364158864866
1042,37,"Cabarrus, NC",9.816636851520572
1043,6,"Caldwell, NC",4.898129203778347
1044,1,"Camden, NC",2.6495893625342197
1045,2,"Carteret, NC",4.1583378321198765
1046,1,"Caswell, NC",3.563696198146705
1047,28,"Catawba, NC",8.977171123304236
1048,9,"Chatham, NC",12.358603041670301
1049,1,"Chowan, NC",3.407529541082715
1050,5,"Cleveland, NC",3.205544056923378
1051,16,"Columbus, NC",4.9548364465491535
1052,4,"Craven, NC",6.999712064497553
1053,22,"Cumberland, NC",10.901022277736686
1054,1,"Currituck, NC",3.583494208494208
1055,12,"Dare, NC",6.925853298093046
1056,16,"Davidson, NC",6.698240866035182
1057,5,"Davie, NC",6.415993071593533
1058,27,"Duplin, NC",21.31729842188055
1059,120,"Durham, NC",13.324711999945693
1060,7,"Edgecombe, NC",4.119336369789094
1061,111,"Forsyth, NC",12.378972883893487
1062,4,"Franklin, NC",7.888678975694169
1063,49,"Gaston, NC",6.388103120144698
1064,45,"Granville, NC",7.481873810870571
1065,2,"Greene, NC",14.70740548938374
1066,91,"Guilford, NC",7.574416537225365
1067,1,"Halifax, NC",2.5922912448674524
1068,22,"Harnett, NC",11.874111514768598
1069,6,"Haywood, NC",3.6138106987595884
1070,192,"Henderson, NC",9.743474144538117
1071,201,"Hertford, NC",3.3230389129092033
1072,10,"Hoke, NC",12.614506393072725
1073,18,"Iredell, NC",7.242093699438186
1074,3,"Jackson, NC",5.384820627258835
1075,54,"Johnston, NC",13.07897120584118
1076,3,"Jones, NC",4.1890013897161005
1077,9,"Lee, NC",19.177023849512935
1078,16,"Lenoir, NC",7.245085100183399
1079,10,"Lincoln, NC",7.054134339395611
1080,8,"Macon, NC",6.607631431849607
1081,2,"Martin, NC",3.5048915355168013
1082,6,"McDowell, NC",5.818319152244907
1083,547,"Mecklenburg, NC",12.612895765259829
1084,13,"Montgomery, NC",15.0828025477707
1085,18,"Moore, NC",6.216826044912431
1086,6,"Nash, NC",6.529639243523865
1087,82,"New Hanover, NC",5.347687474010073
1088,7,"Onslow, NC",11.79402977039649
1089,27,"Orange, NC",8.257812555880607
1090,4,"Pasquotank, NC",4.670625673407001
1091,3,"Pender, NC",6.432094822385465
1092,3,"Person, NC",4.094805592407388
1093,12,"Pitt, NC",5.923494147873252
1094,15,"Randolph, NC",10.848037703032514
1095,3,"Richmond, NC",6.116823452198643
1096,11,"Robeson, NC",8.332094875757937
1097,13,"Rockingham, NC",5.896755098043483
1098,9,"Rowan, NC",8.068842199374162
1099,1,"Rutherford, NC",4.017930765655688
1100,27,"Sampson, NC",18.24902296234677
1101,5,"Stanly, NC",3.8689985150965187
1102,5,"Stokes, NC",2.7963748304738125
1103,7,"Surry, NC",9.92482856239779
1104,1,"Swain, NC",4.728115779120416
1105,2,"Transylvania, NC",3.0972112999818524
1106,85,"Union, NC",10.749767937724595
1107,4,"Vance, NC",7.142536173272221
1108,620,"Wake, NC",9.894089182996588
1109,1,"Washington, NC",4.886827161481245
1110,1,"Watauga, NC",3.410749834107498
1111,14,"Wayne, NC",10.9484358803346
1112,4,"Wilkes, NC",5.909592381837185
1113,10,"Wilson, NC",9.837411323621305
1114,2,"Yadkin, NC",10.603135989846374
1115,2,"Yancey, NC",4.869594863344508
1116,1,"Bottineau, ND",2.1203007518796992
1117,1,"Bowman, ND",4.756022235948116
1118,7,"Burleigh, ND",1.9776943462897527
1119,7,"Cass, ND",2.4081221681490184
1120,1,"Dickey, ND",3.3333333333333335
1121,1,"Divide, ND",0.33769523005487545
1122,3,"Dunn, ND",2.8478057889822597
1123,4,"Grand Forks, ND",3.805539237459344
1124,2,"LaMoure, ND",0.8756993432254926
1125,9,"McKenzie, ND",6.185855570069043
1126,4,"Morton, ND",2.395977457564202
1127,8,"Mountrail, ND",6.40826873385013
1128,2,"Pierce, ND",0.8003658815458496
1129,1,"Ramsey, ND",2.3233719122473655
1130,1,"Ransom, ND",1.7042330951072018
1131,2,"Richland, ND",2.5169943046114276
1132,1,"Sargent, ND",2.9570583697608637
1133,11,"Stark, ND",5.020611991822234
1134,1,"Stutsman, ND",2.131893121091529
1135,6,"Ward, ND",5.216521159033559
1136,7,"Williams, ND",5.312391366178934
1137,3,"Carroll, NH",1.3603003205668973
1138,12,"Coos, NH",1.666718395977529
1139,2,"Grafton, NH",2.1712798887443365
1140,69,"Hillsborough, NH",6.047690073787252
1141,9,"Merrimack, NH",1.9023118843719327
1142,18,"Rockingham, NH",2.512276729978526
1143,1,"Strafford, NH",2.137189964499297
1144,22,"Atlantic, NJ",18.30848167692117
1145,234,"Bergen, NJ",18.402575485590823
1146,32,"Burlington, NJ",7.457200223882586
1147,32,"Camden, NJ",15.675982353343962
1148,8,"Cape May, NJ",7.1653180160161005
1149,40,"Cumberland, NJ",29.134990754057945
1150,120,"Essex, NJ",22.0056877108604
1151,6,"Gloucester, NJ",5.574589921932397
1152,121,"Hudson, NJ",43.05247664264367
1153,8,"Hunterdon, NJ",5.990072230884271
1154,51,"Mercer, NJ",16.432723167008444
1155,112,"Middlesex, NJ",19.969297423099302
1156,61,"Monmouth, NJ",10.396760643281937
1157,58,"Morris, NJ",12.6955230171713
1158,60,"Ocean, NJ",8.873595534370809
1159,80,"Passaic, NJ",39.872319618930455
1160,1,"Salem, NJ",7.8940840878085075
1161,20,"Somerset, NJ",14.14168822319905
1162,8,"Sussex, NJ",7.242871162591399
1163,73,"Union, NJ",30.06362229214659
1164,7,"Warren, NJ",8.169382324104767
1165,211,"Bernalillo, NM",49.137270535302775
1166,8,"Chaves, NM",54.941319920743794
1167,3450,"Cibola, NM",37.8621269133818
1168,3,"Colfax, NM",48.96193771626297
1169,8,"Curry, NM",40.37076606521051
1170,3,"Eddy, NM",46.688782841632815
1171,1,"Grant, NM",49.55503999445964
1172,26,"Hidalgo, NM",57.20591480909292
1173,30,"Lea, NM",55.84360945887133
1174,1,"Lincoln, NM",31.516779884416508
1175,3,"Los Alamos, NM",16.775635652416877
1176,14,"Luna, NM",65.01400901449628
1177,7,"McKinley, NM",13.738466090980012
1178,3,"Otero, NM",36.7915142424196
1179,2,"Quay, NM",44.3249561659848
1180,8,"Rio Arriba, NM",71.40817553351367
1181,6,"Roosevelt, NM",40.55969008053828
1182,15,"San Juan, NM",19.776883716754938
1183,5,"San Miguel, NM",77.5978835978836
1184,15,"Sandoval, NM",37.25247435145565
1185,46,"Santa Fe, NM",51.089465109964706
1186,1,"Sierra, NM",29.601468274777137
1187,2,"Socorro, NM",49.422766104825676
1188,2,"Taos, NM",56.57291951093717
1189,1,"Torrance, NM",41.22059106352972
1190,22,"Valencia, NM",59.65549458502757
1191,4,"Churchill, NV",12.945171442769588
1192,1360,"Clark, NV",30.35794938828193
1193,5,"Douglas, NV",12.039809387255936
1194,7,"Elko, NV",24.067347056449286
1195,3,"Esmeralda, NV",12.722170252572498
1196,5,"Humboldt, NV",25.855713533438653
1197,2,"Lander, NV",25.952260030472317
1198,2,"Lincoln, NV",8.574199806013578
1199,2,"Lyon, NV",15.79474728789718
1200,1,"Mineral, NV",12.96747067935384
1201,6,"Nye, NV",14.144173341358396
1202,1,"Pershing, NV",23.61733931240658
1203,2,"Storey, NV",6.191321999492515
1204,174,"Washoe, NV",23.52005164645817
1205,217,"Albany, NY",5.553263979785053
1206,89,"Allegany, NY",1.551362683438155
1207,7,"Broome, NY",3.857514147764982
1208,9,"Cattaraugus, NY",1.9488956258120398
1209,27,"Cayuga, NY",2.690935861797596
1210,26,"Chautauqua, NY",7.049822388195646
1211,3,"Chemung, NY",2.939299309338743
1212,4,"Clinton, NY",2.7397092202932334
1213,5,"Columbia, NY",4.330746847720659
1214,2,"Cortland, NY",2.5660501303553467
1215,44,"Dutchess, NY",11.471587164799512
1216,16,"Erie, NY",5.0700064741484105
1217,94,"Essex, NY",3.0752888750712475
1218,1,"Franklin, NY",3.295626090536593
1219,1,"Fulton, NY",2.734957732471407
1220,10,"Genesee, NY",3.0006942915685912
1221,1,"Greene, NY",5.425534128024299
1222,5,"Jefferson, NY",7.085940016614957
1223,40,"Kings, NY",19.414297397780924
1224,9,"Livingston, NY",3.3394200117607005
1225,4,"Madison, NY",2.0363717071952725
1226,13,"Monroe, NY",8.12027185025813
1227,2,"Montgomery, NY",12.561660659995571
1228,216,"Nassau, NY",16.0803242332516
1229,1306,"New York, NY",25.903905163887952
1230,6,"Niagara, NY",2.6034099749735207
1231,32,"Oneida, NY",5.213477741799723
1232,17,"Onondaga, NY",4.561692126909518
1233,10,"Ontario, NY",4.24211968935587
1234,72,"Orange, NY",19.369714173324613
1235,4,"Orleans, NY",4.6401831274738905
1236,1,"Oswego, NY",2.38065602881017
1237,6,"Otsego, NY",3.4618475212778175
1238,15,"Putnam, NY",13.14381136327056
1239,17,"Queens, NY",28.008741083916917
1240,8,"Rensselaer, NY",4.48990053701261
1241,44,"Rockland, NY",16.953775391920455
1242,8,"Saratoga, NY",2.8591244348216547
1243,14,"Schenectady, NY",6.564629145274306
1244,4,"Seneca, NY",3.208128781824409
1245,11,"Steuben, NY",1.5628979837189634
1246,312,"Suffolk, NY",18.176393236902005
1247,11,"Sullivan, NY",14.980611464296079
1248,1,"Tioga, NY",1.6959052548893232
1249,19,"Ulster, NY",9.629650148195342
1250,3,"Warren, NY",2.2168815763121814
1251,6,"Washington, NY",2.531017369727047
1252,7,"Wayne, NY",4.1056229183446895
1253,166,"Westchester, NY",23.610828813417676
1254,1,"Wyoming, NY",3.2057033390722376
1255,6,"Yates, NY",2.063251812315781
1256,2,"Allen, OH",2.7459298326072004
1257,2,"Ashland, OH",1.181035937236376
1258,2,"Ashtabula, OH",3.874968490042854
1259,1,"Athens, OH",1.8294087830053916
1260,3,"Auglaize, OH",1.4300974471888557
1261,1,"Brown, OH",0.8170861798951407
1262,105,"Butler, OH",4.372681579496732
1263,1,"Champaign, OH",1.4881940012763242
1264,19,"Clark, OH",3.100422250780246
1265,4,"Clermont, OH",1.720605494002745
1266,2,"Clinton, OH",1.579299469584747
1267,1,"Columbiana, OH",1.4824669770977859
1268,1,"Coshocton, OH",0.9327696713486976
1269,73,"Cuyahoga, OH",5.411651611570576
1270,3,"Darke, OH",1.4237807799176008
1271,4,"Defiance, OH",9.512055705674497
1272,17,"Delaware, OH",2.4053419119981374
1273,2,"Erie, OH",4.023322076825664
1274,6,"Fairfield, OH",1.9891717666802076
1275,304,"Franklin, OH",5.093505654490885
1276,4,"Fulton, OH",8.246597277822259
1277,5,"Geauga, OH",1.2944054456498617
1278,3,"Greene, OH",2.621633957097216
1279,1,"Guernsey, OH",1.0816150767516086
1280,140,"Hamilton, OH",2.8909443958484546
1281,2,"Hancock, OH",5.067924727772492
1282,1,"Hardin, OH",1.4912169847087071
1283,1,"Henry, OH",7.303693079956974
1284,2,"Hocking, OH",0.8539560822586266
1285,2,"Holmes, OH",0.8969841197199213
1286,9,"Huron, OH",6.0098119378577275
1287,1,"Jackson, OH",0.9658587278784729
1288,1,"Jefferson, OH",1.3312230981998905
1289,2,"Knox, OH",1.4044482407437826
1290,15,"Lake, OH",3.9334223129465338
1291,2,"Lawrence, OH",0.8796318878753882
1292,2,"Licking, OH",1.6611491382052521
1293,1,"Logan, OH",1.4034546576187539
1294,15,"Lorain, OH",9.302478534386088
1295,14,"Lucas, OH",6.6724931002759895
1296,4,"Madison, OH",1.7020005971931922
1297,326,"Mahoning, OH",5.339570413921851
1298,12,"Marion, OH",2.4459006400487655
1299,3,"Medina, OH",1.8730453507117915
1300,2,"Mercer, OH",1.7561023333170278
1301,5,"Miami, OH",1.5154432719710391
1302,46,"Montgomery, OH",2.620311922231545
1303,2,"Ottawa, OH",4.8095458871184205
1304,22,"Pickaway, OH",1.3291317512851208
1305,1,"Preble, OH",0.7266427660547147
1306,7,"Richland, OH",1.7048437910212655
1307,1,"Ross, OH",1.152954283419481
1308,4,"Sandusky, OH",9.539001169199933
1309,2,"Seneca, OH",4.817720019385758
1310,2,"Shelby, OH",1.4750045966209728
1311,23,"Stark, OH",1.8515751330177552
1312,20,"Summit, OH",1.8785603983951886
1313,18,"Tuscarawas, OH",2.3493448838289464
1314,2,"Union, OH",1.5160782133259199
1315,1,"Van Wert, OH",2.88761797831655
1316,18,"Warren, OH",2.5339358369639577
1317,1,"Washington, OH",1.0138339274618178
1318,10,"Wayne, OH",1.7978867702834629
1319,2,"Williams, OH",4.043466595116716
1320,9,"Wood, OH",5.224157381507982
1321,1,"Wyandot, OH",2.594033722438392
1322,2,"Adair, OK",6.145932042777853
1323,1,"Alfalfa, OK",4.996542185338866
1324,2,"Atoka, OK",3.4014587997400163
1325,4,"Beaver, OK",21.737543347326156
1326,1,"Beckham, OK",13.804207814512667
1327,2,"Blaine, OK",9.59394497289557
1328,12,"Bryan, OK",5.528981113431696
1329,5,"Caddo, OK",11.69434090138936
1330,55,"Canadian, OK",7.9107207631337255
1331,13,"Carter, OK",6.5547084277766325
1332,3,"Cherokee, OK",6.708517206372884
1333,1,"Choctaw, OK",3.800411932761943
1334,1,"Cimarron, OK",20.97840458351697
1335,47,"Cleveland, OK",7.967831416609643
1336,12,"Comanche, OK",12.430267371952834
1337,1,"Cotton, OK",7.0768723193665455
1338,3,"Craig, OK",3.2690866989034935
1339,5,"Creek, OK",3.7092385557795606
1340,6,"Custer, OK",16.708834792122538
1341,1,"Delaware, OK",3.51893418289769
1342,10,"Garfield, OK",11.291432595509034
1343,3,"Garvin, OK",7.678636198766775
1344,4,"Grady, OK",5.369289222500232
1345,1,"Harper, OK",21.109643328929987
1346,8,"Jackson, OK",22.88122486854315
1347,5,"Kay, OK",7.280056390149346
1348,7,"Kingfisher, OK",14.877858627858629
1349,2,"Lincoln, OK",3.0629330254041567
1350,5,"Logan, OK",5.561090079918532
1351,1,"Love, OK",14.352989352989354
1352,3,"Marshall, OK",16.462466571304184
1353,7,"McClain, OK",7.635269464295309
1354,1,"McIntosh, OK",2.524676355339517
1355,3,"Murray, OK",5.764211136890951
1356,12,"Muskogee, OK",5.727848553739688
1357,1,"Noble, OK",3.2955536181342637
1358,2,"Nowata, OK",2.8544243577545196
1359,1,"Okfuskee, OK",3.832296102194563
1360,613,"Oklahoma, OK",16.365937925821697
1361,4,"Okmulgee, OK",3.6697014393977927
1362,4,"Osage, OK",3.2760887256640863
1363,2,"Ottawa, OK",5.237024545624883
1364,9,"Payne, OK",4.466373994721899
1365,2,"Pittsburg, OK",4.612145241135228
1366,6,"Pontotoc, OK",4.883154947269254
1367,10,"Pottawatomie, OK",4.754650528993305
1368,1,"Pushmataha, OK",3.2020809041169613
1369,4,"Rogers, OK",4.200288985217295
1370,3,"Seminole, OK",4.542770538912727
1371,5,"Sequoyah, OK",3.7466137770897836
1372,4,"Stephens, OK",7.001859693934708
1373,19,"Texas, OK",45.03930415368156
1374,3,"Tillman, OK",25.344895545920377
1375,440,"Tulsa, OK",11.820940168904597
1376,4,"Wagoner, OK",5.473159207245045
1377,3,"Washington, OK",5.650196562090495
1378,2,"Washita, OK",9.470153105109238
1379,1,"Woods, OK",6.3342465753424655
1380,7,"Woodward, OK",11.88479939368102
1381,1,"Baker, OR",3.836556456643793
1382,8,"Benton, OR",6.975015722371506
1383,86,"Clackamas, OR",8.229295105667056
1384,14,"Clatsop, OR",8.16250663834307
1385,2,"Columbia, OR",4.634907845704502
1386,1,"Crook, OR",7.44351739008156
1387,13,"Deschutes, OR",7.627639582467377
1388,8,"Douglas, OR",5.261001164144354
1389,14,"Hood River, OR",30.846685929428247
1390,41,"Jackson, OR",11.880559085133418
1391,8,"Jefferson, OR",19.82066801165658
1392,2,"Josephine, OR",6.959066414474859
1393,8,"Klamath, OR",11.8627361780851
1394,1,"Lake, OR",7.59071675855879
1395,37,"Lane, OR",8.161311005820586
1396,4,"Lincoln, OR",8.628038984684588
1397,13,"Linn, OR",8.387979509769568
1398,7,"Malheur, OR",32.86408085581151
1399,141,"Marion, OR",25.62085218067725
1400,9,"Morrow, OR",34.674756848398324
1401,164,"Multnomah, OR",11.125646208588357
1402,5,"Polk, OR",13.039378106282657
1403,1,"Sherman, OR",5.102639296187683
1404,9,"Tillamook, OR",10.069661865998748
1405,50,"Umatilla, OR",25.588258337468332
1406,2,"Union, OR",4.390868856277661
1407,12,"Wasco, OR",16.716685504930428
1408,172,"Washington, OR",16.219986952390407
1409,72,"Yamhill, OR",15.426005458974535
1410,34,"Adams, PA",6.604821195176839
1411,55,"Allegheny, PA",1.8900972073214344
1412,3,"Armstrong, PA",0.67543547813722
1413,6,"Beaver, PA",1.4237167932389705
1414,1,"Bedford, PA",1.115614509129616
1415,61,"Berks, PA",18.82312598255964
1416,3,"Blair, PA",1.135668734166157
1417,2,"Bradford, PA",1.4334713952886358
1418,80,"Bucks, PA",4.854364280923637
1419,4,"Butler, PA",1.312011356426167
1420,10,"Cambria, PA",1.5258198922779866
1421,503,"Centre, PA",2.75791880787546
1422,141,"Chester, PA",7.062309092471505
1423,5,"Clearfield, PA",2.844647037082666
1424,4,"Clinton, PA",1.3582557668959934
1425,2,"Columbia, PA",2.523512849697478
1426,20,"Cumberland, PA",3.396517359886482
1427,121,"Dauphin, PA",8.241960273861789
1428,63,"Delaware, PA",3.472780429509386
1429,6,"Erie, PA",3.8848864161528733
1430,2,"Fayette, PA",1.0318187574965172
1431,2,"Forest, PA",7.540371012945416
1432,29,"Franklin, PA",5.058052348615322
1433,1,"Fulton, PA",1.0782774858390773
1434,1,"Greene, PA",1.4229207040271843
1435,4,"Indiana, PA",1.264130024802551
1436,3,"Juniata, PA",3.087340292612148
1437,36,"Lackawanna, PA",6.320009764983146
1438,27,"Lancaster, PA",9.769653542420889
1439,1,"Lawrence, PA",1.2459334899692753
1440,7,"Lebanon, PA",11.688207374954363
1441,53,"Lehigh, PA",21.828245891770163
1442,47,"Luzerne, PA",9.343183336103124
1443,3,"Lycoming, PA",1.7839794348009252
1444,34,"McKean, PA",2.0817198244502335
1445,3,"Mercer, PA",1.321139984991012
1446,6,"Monroe, PA",14.644041022940776
1447,137,"Montgomery, PA",4.731111100216209
1448,19,"Northampton, PA",12.077066418208439
1449,8,"Northumberland, PA",3.0473341168928303
1450,215,"Philadelphia, PA",13.767854876283545
1451,5,"Pike, PA",10.064045543497599
1452,11,"Schuylkill, PA",3.5868676247225144
1453,1,"Snyder, PA",2.146797197236993
1454,2,"Somerset, PA",1.33987742943006
1455,3,"Susquehanna, PA",1.7044367947982406
1456,2,"Tioga, PA",1.244319668815874
1457,20,"Union, PA",5.693036433662401
1458,1,"Venango, PA",1.0606060606060608
1459,2,"Washington, PA",1.5043045292386288
1460,43,"Wayne, PA",4.054027715516401
1461,3,"Westmoreland, PA",1.0643419027928889
1462,2,"Wyoming, PA",1.7801608579088473
1463,34,"York, PA",6.649735363274051
1464,1,"Bristol, RI",2.543268058828309
1465,9,"Kent, RI",4.088885654330872
1466,7,"Newport, RI",5.3292066639263
1467,77,"Providence, RI",20.958621607237895
1468,2,"Washington, RI",2.891093184714889
1469,1,"Abbeville, SC",1.306560859284197
1470,15,"Aiken, SC",5.404308914536228
1471,9,"Anderson, SC",3.398907160537391
1472,75,"Beaufort, SC",11.279632206986243
1473,117,"Berkeley, SC",6.090988090274813
1474,280,"Charleston, SC",5.010074263212784
1475,7,"Cherokee, SC",4.032057433272914
1476,20,"Chester, SC",1.8128564821951596
1477,5,"Chesterfield, SC",4.09044550050995
1478,4,"Colleton, SC",2.964312110653574
1479,1,"Darlington, SC",1.8422491098996883
1480,5,"Dillon, SC",2.657244268218591
1481,8,"Dorchester, SC",4.882942693429035
1482,90,"Edgefield, SC",5.676822798241625
1483,1,"Fairfield, SC",1.941368078175896
1484,58,"Florence, SC",2.411690420349991
1485,4,"Georgetown, SC",3.0409183606341688
1486,249,"Greenville, SC",8.691576574427975
1487,9,"Greenwood, SC",5.782687711967487
1488,45,"Hampton, SC",2.1629877808435163
1489,98,"Horry, SC",5.967685025531093
1490,43,"Jasper, SC",13.433384830427425
1491,12,"Kershaw, SC",4.108416547788873
1492,8,"Lancaster, SC",4.936442702857689
1493,6,"Laurens, SC",4.321061978868788
1494,67,"Lexington, SC",5.640578749882968
1495,1,"Marion, SC",2.6426896012509773
1496,14,"Marlboro, SC",3.321059851274276
1497,21,"Newberry, SC",7.258278145695364
1498,7,"Oconee, SC",4.908789386401327
1499,20,"Orangeburg, SC",2.017140118799523
1500,11,"Pickens, SC",3.4161130531303328
1501,129,"Richland, SC",4.970590651237234
1502,10,"Saluda, SC",14.8858946949734
1503,45,"Spartanburg, SC",6.3270445809216636
1504,5,"Sumter, SC",3.695139391913226
1505,47,"Williamsburg, SC",2.2580448561677233
1506,43,"York, SC",4.983591606068256
1507,18,"Beadle, SD",8.983751032773341
1508,9,"Brookings, SD",2.4734559593240615
1509,2,"Brown, SD",2.417382253447827
1510,1,"Brule, SD",2.33433734939759
1511,11,"Codington, SD",2.0655526070429606
1512,1,"Corson, SD",0.671462829736211
1513,2,"Davison, SD",2.385996771589992
1514,1,"Deuel, SD",0.6962172197725691
1515,2,"Fall River, SD",3.695082921152167
1516,2,"Grant, SD",3.043780403057679
1517,2,"Hamlin, SD",3.519599666388657
1518,3,"Hughes, SD",2.951250142710355
1519,1,"Jerauld, SD",2.5135534746180386
1520,2,"Kingsbury, SD",2.22879684418146
1521,3,"Lake, SD",2.3274673586894816
1522,1,"Lawrence, SD",3.12160585703367
1523,1,"Lincoln, SD",1.770565802786209
1524,7,"Marshall, SD",4.3854100780096985
1525,3,"Meade, SD",4.076005961251862
1526,53,"Minnehaha, SD",4.67656334128144
1527,2,"Moody, SD",3.180760279286268
1528,17,"Pennington, SD",4.786668903427836
1529,2,"Stanley, SD",2.4628879892037787
1530,2,"Union, SD",2.9039213044064143
1531,1,"Walworth, SD",1.7154207295052366
1532,5,"Yankton, SD",3.4924279217625505
1533,9,"Anderson, TN",2.52564696538487
1534,24,"Bedford, TN",11.471800738166671
1535,3,"Bledsoe, TN",2.096212605698856
1536,19,"Blount, TN",3.02713325725878
1537,14,"Bradley, TN",5.569706397044526
1538,3,"Campbell, TN",1.2097580483903219
1539,1,"Carroll, TN",2.3612626244853434
1540,2,"Carter, TN",1.6470629728252244
1541,3,"Cheatham, TN",2.640555906506633
1542,1,"Claiborne, TN",1.1135295416548374
1543,5,"Cocke, TN",2.0847515316541867
1544,8,"Coffee, TN",4.010556051144811
1545,5,"Crockett, TN",9.939552136282456
1546,2,"Cumberland, TN",2.7290785041886174
1547,569,"Davidson, TN",9.950964612171257
1548,2,"Decatur, TN",3.110313594804751
1549,10,"Dickson, TN",3.143777245414916
1550,8,"Franklin, TN",2.9433104382315953
1551,6,"Gibson, TN",2.462079133929834
1552,1,"Giles, TN",2.0872081008472825
1553,3,"Grainger, TN",2.8667864813921886
1554,7,"Greene, TN",2.6641557910717935
1555,48,"Hamblen, TN",11.175102447668623
1556,122,"Hamilton, TN",5.070522765118629
1557,1,"Hardeman, TN",1.6477382098171316
1558,3,"Hawkins, TN",1.341771704350593
1559,1,"Haywood, TN",4.225274422196481
1560,5,"Henry, TN",2.2018519092007063
1561,2,"Hickman, TN",2.2019710527400935
1562,1,"Humphreys, TN",2.124505928853755
1563,12,"Jefferson, TN",3.3622826436585873
1564,2,"Johnson, TN",1.802153657311834
1565,106,"Knox, TN",3.8381039083906785
1566,1,"Lake, TN",2.119586549784116
1567,4,"Lauderdale, TN",2.3806903635229815
1568,6,"Lawrence, TN",1.9030325897278686
1569,3,"Lincoln, TN",3.120719433029599
1570,19,"Loudon, TN",7.919110531824555
1571,9,"Macon, TN",4.820275693596231
1572,20,"Madison, TN",3.592246861242459
1573,8,"Marion, TN",1.6606141804463563
1574,6,"Marshall, TN",4.828466570927079
1575,7,"Maury, TN",5.312066412489652
1576,4,"McMinn, TN",3.558529445310421
1577,1,"Monroe, TN",3.9026428037465375
1578,30,"Montgomery, TN",9.488743285769258
1579,1,"Moore, TN",0.31675641431738993
1580,2,"Morgan, TN",1.1434894872740686
1581,8,"Obion, TN",3.7896440129449838
1582,22,"Putnam, TN",5.797567379306649
1583,10,"Rhea, TN",4.426850682357291
1584,1,"Roane, TN",1.6288243398826039
1585,28,"Robertson, TN",6.133568956630587
1586,74,"Rutherford, TN",7.156661120469601
1587,8,"Sequatchie, TN",3.3922501699524132
1588,51,"Sevier, TN",5.426446788030083
1589,307,"Shelby, TN",5.951290835547871
1590,4,"Smith, TN",2.466624947851481
1591,12,"Sullivan, TN",1.7038635377033273
1592,59,"Sumner, TN",4.340629449145186
1593,1,"Tipton, TN",2.556938172130349
1594,2,"Trousdale, TN",0.41405269761606023
1595,3,"Unicoi, TN",4.274171078294789
1596,1,"Van Buren, TN",0.9040950186137211
1597,27,"Warren, TN",8.484002094815333
1598,30,"Washington, TN",3.183015454920504
1599,2,"Wayne, TN",1.8525115781973638
1600,2,"Weakley, TN",2.1778744415706557
1601,20,"Williamson, TN",4.6259330399474825
1602,16,"Wilson, TN",3.6778754298815435
1603,120,"Anderson, TX",16.96150384269196
1604,72,"Andrews, TX",54.371187917513794
1605,21,"Angelina, TX",21.11069281403653
1606,9,"Aransas, TX",26.268753285616082
1607,3,"Archer, TX",8.251428571428573
1608,3,"Armstrong, TX",12.702561421850497
1609,23,"Atascosa, TX",63.07692307692307
1610,20,"Austin, TX",25.50245645377401
1611,26,"Bailey, TX",61.71644930584771
1612,6,"Bandera, TX",17.692124672852724
1613,140,"Bastrop, TX",35.16337531614848
1614,1,"Baylor, TX",8.353943391041495
1615,6,"Bee, TX",57.909863633584045
1616,69,"Bell, TX",23.538425734225154
1617,956,"Bexar, TX",59.46309757523945
1618,5,"Blanco, TX",18.877083714966112
1619,1,"Borden, TX",4.7277936962750715
1620,3,"Bosque, TX",16.983233999888597
1621,10,"Bowie, TX",7.226982446006226
1622,118,"Brazoria, TX",29.23210576238332
1623,129,"Brazos, TX",24.614094599230093
1624,237,"Brewster, TX",43.970396168915975
1625,6,"Brooks, TX",94.48524317583484
1626,12,"Brown, TX",21.00171345722947
1627,9,"Burleson, TX",19.882873055061147
1628,13,"Burnet, TX",21.50771577247443
1629,32,"Caldwell, TX",49.821822927123065
1630,7,"Calhoun, TX",47.84223801880303
1631,1,"Callahan, TX",8.921741688731979
1632,1368,"Cameron, TX",88.99196485069905
1633,12,"Camp, TX",23.664001266724725
1634,11,"Carson, TX",9.556993529118966
1635,2,"Cass, TX",4.234495485401701
1636,12,"Castro, TX",62.86984126984127
1637,21,"Chambers, TX",21.136268123555368
1638,14,"Cherokee, TX",22.10039604346723
1639,4,"Childress, TX",20.28615951267885
1640,3,"Clay, TX",5.507861483553583
1641,5,"Cochran, TX",56.81895093062606
1642,1,"Coleman, TX",17.284096271826332
1643,419,"Collin, TX",14.983087703706044
1644,12,"Colorado, TX",28.155059638322435
1645,58,"Comal, TX",26.358323808297246
1646,8,"Comanche, TX",26.92877239745298
1647,1224,"Concho, TX",55.456301303718014
1648,25,"Cooke, TX",16.924738926899533
1649,2,"Coryell, TX",17.53533218861445
1650,1,"Cottle, TX",28.589743589743588
1651,1,"Crane, TX",61.434791623470865
1652,3,"Crockett, TX",63.112617309697605
1653,1,"Crosby, TX",54.300985468515115
1654,2,"Culberson, TX",78.08764940239044
1655,11,"Dallam, TX",42.64038570618264
1656,3164,"Dallas, TX",39.30870566251262
1657,1,"Dawson, TX",55.57558008560487
1658,4,"DeWitt, TX",33.96418199419167
1659,55,"Deaf Smith, TX",70.68648563474973
1660,367,"Denton, TX",18.898694759159877
1661,8,"Dimmit, TX",86.14646744143147
1662,1,"Donley, TX",10.353679406731318
1663,10,"Duval, TX",89.10512597741095
1664,13,"Eastland, TX",15.625684856454086
1665,63,"Ector, TX",57.692734548920534
1666,8307,"El Paso, TX",81.7796955824912
1667,86,"Ellis, TX",25.048525511000157
1668,17,"Erath, TX",20.218498560566918
1669,5,"Falls, TX",22.513756154068925
1670,6,"Fannin, TX",10.415617501555232
1671,14,"Fayette, TX",19.884379140069854
1672,2,"Floyd, TX",57.14520367936925
1673,161,"Fort Bend, TX",23.994670613493703
1674,4,"Franklin, TX",13.66947308674676
1675,13,"Freestone, TX",14.408986469236662
1676,12,"Frio, TX",78.35184985438464
1677,12,"Gaines, TX",39.73312804721581
1678,131,"Galveston, TX",23.556290443105393
1679,2497,"Garza, TX",55.216208043544
1680,15,"Gillespie, TX",21.81330638893207
1681,8,"Goliad, TX",35.294117647058826
1682,52,"Gonzales, TX",49.62199312714777
1683,17,"Gray, TX",27.357998957790514
1684,63,"Grayson, TX",12.360843911745055
1685,82,"Gregg, TX",17.865399122344524
1686,11,"Grimes, TX",23.02873986735446
1687,28,"Guadalupe, TX",36.93631926578102
1688,12,"Hale, TX",58.35404347701888
1689,1,"Hall, TX",33.99746995572423
1690,5,"Hansford, TX",45.64121037463977
1691,3,"Hardeman, TX",23.051619433198383
1692,2,"Hardin, TX",5.175823385588955
1693,5316,"Harris, TX",41.84701067168638
1694,34,"Harrison, TX",12.333097499661303
1695,4,"Hartley, TX",25.39389875963795
1696,2,"Haskell, TX",26.54852030282175
1697,44,"Hays, TX",37.06903051387827
1698,5,"Hemphill, TX",34.8349795230065
1699,13,"Henderson, TX",11.7556461691894
1700,3515,"Hidalgo, TX",91.47578150842534
1701,28,"Hill, TX",19.583966075470617
1702,12,"Hockley, TX",46.383197159601316
1703,5,"Hood, TX",11.634727115111497
1704,12,"Hopkins, TX",15.991518803704944
1705,7,"Houston, TX",10.560477151127094
1706,5711,"Howard, TX",40.51560826950004
1707,4,"Hudspeth, TX",78.3970123527722
1708,27,"Hunt, TX",14.840346701396687
1709,8,"Hutchinson, TX",22.174272334955468
1710,1,"Irion, TX",23.237277743715513
1711,20,"Jackson, TX",31.611936231094155
1712,1,"Jeff Davis, TX",35.88473660513282
1713,167,"Jefferson, TX",18.958232045945937
1714,5,"Jim Hogg, TX",90.09198926791873
1715,3,"Jim Wells, TX",79.92816853878418
1716,58,"Johnson, TX",19.7627329507947
1717,3,"Jones, TX",26.84516646610509
1718,7,"Karnes, TX",52.17565403096637
1719,36,"Kaufman, TX",19.161226862201556
1720,18,"Kendall, TX",22.384004101512435
1721,2,"Kenedy, TX",71.14695340501792
1722,23,"Kerr, TX",25.67270567270567
1723,3,"Kimble, TX",22.61396811138558
1724,1,"Kinney, TX",62.52096143096703
1725,13,"Kleberg, TX",71.94842676537942
1726,1,"Knox, TX",32.440241660099815
1727,3,"La Salle, TX",83.65896980461812
1728,11,"Lamar, TX",7.23209607866844
1729,6,"Lamb, TX",53.96357200796401
1730,13,"Lampasas, TX",18.70609618313111
1731,7,"Lavaca, TX",17.726671415487942
1732,8,"Lee, TX",23.11686761370419
1733,11,"Leon, TX",13.975063523016013
1734,50,"Liberty, TX",20.715539835619225
1735,31,"Limestone, TX",20.79764796114023
1736,376,"Live Oak, TX",37.92585170340681
1737,4,"Llano, TX",9.55972278842234
1738,87,"Lubbock, TX",33.88839494777421
1739,6,"Madison, TX",22.184497580004333
1740,2,"Marion, TX",3.8269060936120107
1741,1,"Mason, TX",24.926181102362204
1742,9,"Matagorda, TX",40.65197853972058
1743,70,"Maverick, TX",95.44606721801865
1744,2,"McCulloch, TX",30.951225430720697
1745,116,"McLennan, TX",25.128392647312587
1746,10,"Medina, TX",50.84933222036728
1747,91,"Midland, TX",42.26496467009376
1748,6,"Milam, TX",25.26669949121943
1749,6,"Montague, TX",10.426124638877425
1750,411,"Montgomery, TX",22.439862079333295
1751,26,"Moore, TX",53.308392680068515
1752,2,"Morris, TX",8.756816565241445
1753,42,"Nacogdoches, TX",18.66800903044725
1754,51,"Navarro, TX",25.62841189779355
1755,1,"Newton, TX",3.3880322535012026
1756,4,"Nolan, TX",35.81940467470201
1757,208,"Nueces, TX",62.550925444306046
1758,20,"Ochiltree, TX",52.16034792474237
1759,1,"Oldham, TX",16.191396810053167
1760,14,"Orange, TX",6.81663502525343
1761,12,"Palo Pinto, TX",19.590287228708544
1762,8,"Panola, TX",8.518783391527492
1763,49,"Parker, TX",11.155249552997144
1764,37,"Parmer, TX",61.757887309747005
1765,10,"Pecos, TX",68.17262732212814
1766,13,"Polk, TX",14.284180924371551
1767,98,"Potter, TX",37.1561251364013
1768,11,"Presidio, TX",81.7889137737962
1769,1,"Rains, TX",8.406241544150808
1770,9,"Randall, TX",19.393793301866985
1771,10,"Reagan, TX",65.98620689655172
1772,1,"Real, TX",19.65352449223417
1773,3,"Red River, TX",7.193898032918507
1774,7662,"Reeves, TX",74.80953040587339
1775,11,"Refugio, TX",49.32330827067669
1776,4,"Robertson, TX",19.791981616980106
1777,40,"Rockwall, TX",16.72537211680491
1778,2,"Runnels, TX",33.474209970223804
1779,19,"Rusk, TX",15.863676523112206
1780,1,"Sabine, TX",3.8391048519340214
1781,4,"San Jacinto, TX",12.295745620491683
1782,15,"San Patricio, TX",56.108895751506616
1783,3,"San Saba, TX",29.19571501445332
1784,1,"Schleicher, TX",50.96184169031851
1785,12,"Scurry, TX",39.17638904932424
1786,7,"Shelby, TX",17.595798482785447
1787,4,"Sherman, TX",42.03323558162268
1788,122,"Smith, TX",18.581082618489614
1789,489,"Starr, TX",98.9588623666836
1790,2,"Stephens, TX",23.337079799734344
1791,3,"Sutton, TX",58.358739837398375
1792,1351,"Tarrant, TX",27.827416177114696
1793,25,"Taylor, TX",23.392046378869217
1794,6,"Terrell, TX",69.66580976863753
1795,6,"Terry, TX",53.13580635020434
1796,29,"Titus, TX",41.47643593519882
1797,39,"Tom Green, TX",38.06251290167206
1798,1527,"Travis, TX",33.736726773595684
1799,2,"Trinity, TX",9.066852367688021
1800,9,"Upshur, TX",7.670926914009183
1801,2,"Upton, TX",52.460431654676256
1802,4,"Uvalde, TX",70.44538902236187
1803,296,"Val Verde, TX",80.917686545782
1804,23,"Van Zandt, TX",10.01695873374788
1805,30,"Victoria, TX",45.469232544593304
1806,1137,"Walker, TX",17.608614821382602
1807,33,"Waller, TX",29.027184424748665
1808,2,"Ward, TX",51.386451386451384
1809,8,"Washington, TX",15.0764242704956
1810,1108,"Webb, TX",95.47980120749156
1811,38,"Wharton, TX",39.63796311960751
1812,6,"Wheeler, TX",26.462247429989365
1813,28,"Wichita, TX",18.17053606562339
1814,1,"Wilbarger, TX",28.052982160630886
1815,2577,"Willacy, TX",87.81443674808604
1816,133,"Williamson, TX",23.83580741879136
1817,13,"Wilson, TX",38.75419860477134
1818,10,"Winkler, TX",58.47468600284863
1819,18,"Wise, TX",18.40100500893878
1820,6,"Wood, TX",9.400898189731006
1821,9,"Yoakum, TX",63.55218855218855
1822,2,"Young, TX",17.66894664842681
1823,90,"Zapata, TX",94.11928845483082
1824,2,"Beaver, UT",10.812490290508
1825,8,"Box Elder, UT",8.969880453345754
1826,23,"Cache, UT",10.331246212886287
1827,5,"Carbon, UT",13.138474895094776
1828,21,"Davis, UT",9.065510246225235
1829,10,"Duchesne, UT",7.8643291164458615
1830,4,"Emery, UT",6.206244087038789
1831,1,"Garfield, UT",5.577689243027888
1832,4,"Grand, UT",9.86423419601188
1833,18,"Iron, UT",8.253230298841908
1834,11,"Juab, UT",4.4922432663938325
1835,13,"Kane, UT",4.476164079822617
1836,7,"Millard, UT",12.76578863852745
1837,1158,"Salt Lake, UT",17.735909156645473
1838,10,"Sevier, UT",4.882130732080523
1839,47,"Summit, UT",11.505037299084826
1840,8,"Tooele, UT",11.87848869099474
1841,9,"Uintah, UT",8.122176930703978
1842,36,"Utah, UT",11.15235112384943
1843,17,"Wasatch, UT",13.29987452948557
1844,51,"Washington, UT",9.920439065800643
1845,101,"Weber, UT",17.582709010143873
1846,8,"Accomack, VA",8.802177858439201
1847,28,"Albemarle, VA",5.592259821454256
1848,1,"Alleghany, VA",1.4322507695206985
1849,1,"Amelia, VA",1.1881497694051435
1850,1,"Amherst, VA",2.1844432638519953
1851,2,"Appomattox, VA",1.214574898785425
1852,126,"Arlington, VA",15.381349185287405
1853,1,"Augusta, VA",2.4270146643347235
1854,7,"Bedford, VA",1.9653464703053305
1855,5,"Botetourt, VA",1.4521571463003133
1856,1,"Brunswick, VA",1.9851565799794846
1857,1,"Campbell, VA",1.9759902653420751
1858,2,"Carroll, VA",2.952947903003397
1859,62,"Chesterfield, VA",7.943611209050172
1860,4,"Clarke, VA",4.347522191934019
1861,40,"Culpeper, VA",9.319333224383069
1862,4,"Dinwiddie, VA",3.058071390516782
1863,431,"Fairfax, VA",16.05985416021192
1864,19,"Fauquier, VA",7.178243292907019
1865,1,"Floyd, VA",2.7137999615063837
1866,1,"Fluvanna, VA",3.2941718498041928
1867,6,"Franklin, VA",2.6889560732704965
1868,12,"Frederick, VA",7.437956293047947
1869,1,"Gloucester, VA",3.1306555738634825
1870,2,"Grayson, VA",2.924901185770751
1871,3,"Greene, VA",5.166361016505109
1872,14,"Hanover, VA",2.6516893511678195
1873,42,"Henrico, VA",5.235135328232703
1874,10,"Henry, VA",5.211745101419296
1875,7,"James City, VA",5.287899860917942
1876,3,"King George, VA",4.441805225653207
1877,1,"King William, VA",0.773706362961129
1878,1,"King and Queen, VA",3.0952380952380953
1879,13,"Lee, VA",1.7984023122315445
1880,107,"Loudoun, VA",13.300867741801978
1881,4,"Louisa, VA",2.5502183406113534
1882,1,"Mecklenburg, VA",2.621038802909417
1883,12,"Montgomery, VA",3.0197373157661964
1884,2,"Nelson, VA",3.6679927179556335
1885,2,"New Kent, VA",2.6133359932172957
1886,7,"Northampton, VA",8.24393464268031
1887,6,"Orange, VA",4.209560404897772
1888,1,"Pittsylvania, VA",2.4346070008975507
1889,1,"Powhatan, VA",1.9797779820405856
1890,4,"Prince Edward, VA",2.4439918533604885
1891,5,"Prince George, VA",7.2907816482582835
1892,727,"Prince William, VA",21.891441065752993
1893,4,"Pulaski, VA",1.5254089548769505
1894,1,"Rappahannock, VA",3.465480043149946
1895,14,"Roanoke, VA",2.687523357001762
1896,3,"Rockbridge, VA",1.5634743875278398
1897,11,"Rockingham, VA",6.201945758476035
1898,7,"Shenandoah, VA",6.699022330074433
1899,1,"Smyth, VA",1.9484022466918414
1900,1,"Southampton, VA",1.372259581214805
1901,20,"Spotsylvania, VA",8.620462761551622
1902,40,"Stafford, VA",11.188981569065842
1903,1,"Sussex, VA",2.693258331202591
1904,3,"Warren, VA",3.9838173525394907
1905,2,"Westmoreland, VA",6.104518484710178
1906,5,"Wise, VA",1.2302240854419324
1907,1,"Wythe, VA",1.1004079393918618
1908,3,"York, VA",5.68298988329174
1909,3,"Addison, VT",2.071710989546661
1910,1,"Bennington, VT",1.7368435471057173
1911,2,"Caledonia, VT",1.3707508344405197
1912,14,"Chittenden, VT",2.1799264843311943
1913,1,"Rutland, VT",1.3386992167362346
1914,1,"Windham, VT",2.086725217271664
1915,37,"Adams, WA",61.8848167539267
1916,2,"Asotin, WA",3.5770813548591325
1917,74,"Benton, WA",20.3424719628411
1918,65,"Chelan, WA",27.162558018218053
1919,5,"Clallam, WA",5.8572818594197535
1920,80,"Clark, WA",8.658817058592614
1921,1,"Columbia, WA",6.799294887937547
1922,26,"Cowlitz, WA",8.4002566745095
1923,221,"Franklin, WA",52.02710397449037
1924,1,"Garfield, WA",3.3168982519049752
1925,126,"Grant, WA",40.121041824273206
1926,18,"Grays Harbor, WA",9.635983322336559
1927,1,"Island, WA",6.742975547039806
1928,1,"Jefferson, WA",3.4450928032176176
1929,406,"King, WA",9.338029862229808
1930,16,"Kitsap, WA",7.136254893431928
1931,13,"Kittitas, WA",8.53803903237116
1932,2,"Klickitat, WA",12.040133779264215
1933,22,"Lewis, WA",9.629707886535313
1934,88,"Mason, WA",8.950212905339011
1935,84,"Okanogan, WA",19.053730114530616
1936,7,"Pacific, WA",8.9427758761992
1937,141,"Pierce, WA",10.08781408483172
1938,2,"San Juan, WA",5.8358246138515195
1939,42,"Skagit, WA",17.688317078232
1940,139,"Snohomish, WA",9.603782513388932
1941,21,"Spokane, WA",5.174958166875575
1942,1,"Stevens, WA",3.3558888076079008
1943,17,"Thurston, WA",8.206946014246501
1944,10,"Walla Walla, WA",20.913240482201676
1945,51,"Whatcom, WA",8.829012678265762
1946,264,"Yakima, WA",47.67866731804216
1947,1,"Adams, WI",3.813935153247265
1948,1,"Barron, WI",2.3250197593747255
1949,44,"Brown, WI",8.118197653348712
1950,2,"Buffalo, WI",2.112251056125528
1951,5,"Calumet, WI",3.9252411737457957
1952,1,"Chippewa, WI",1.5342119801120668
1953,13,"Clark, WI",4.204604767151888
1954,2,"Columbia, WI",3.0079435127978815
1955,64,"Dane, WI",6.208762078720168
1956,27,"Dodge, WI",4.485091172345143
1957,6,"Door, WI",2.753984603708121
1958,1,"Douglas, WI",1.4254661937993365
1959,4,"Dunn, WI",1.738522594029043
1960,9,"Eau Claire, WI",2.232427605561934
1961,13,"Fond du Lac, WI",4.817197552173231
1962,5,"Grant, WI",1.4171645109525743
1963,1,"Green, WI",2.968960863697706
1964,1,"Green Lake, WI",4.576028812033261
1965,1,"Iowa, WI",1.6546671719085513
1966,2,"Jackson, WI",3.0827579500145874
1967,16,"Jefferson, WI",6.885660886228679
1968,1,"Juneau, WI",2.9470813288382134
1969,26,"Kenosha, WI",12.55539143279173
1970,1,"Kewaunee, WI",2.5025661078254067
1971,2,"La Crosse, WI",1.7245486566046724
1972,5,"Lafayette, WI",3.5074138033704525
1973,1,"Langlade, WI",1.8697846914597713
1974,1,"Lincoln, WI",1.3915018991161123
1975,11,"Manitowoc, WI",3.5620743844944998
1976,9,"Marathon, WI",2.587779887269423
1977,2,"Marinette, WI",1.4894134825991727
1978,21,"Marquette, WI",3.0168412677363743
1979,97,"Milwaukee, WI",14.300025332197222
1980,6,"Monroe, WI",4.022925162570264
1981,13,"Outagamie, WI",4.039076122530927
1982,7,"Ozaukee, WI",2.6556348074179743
1983,1,"Pepin, WI",1.5512314600625936
1984,2,"Pierce, WI",1.8566082043002863
1985,4,"Polk, WI",1.7984039739668376
1986,5,"Portage, WI",2.9510566823999658
1987,22,"Racine, WI",12.452212466580798
1988,2,"Richland, WI",2.16528738238295
1989,21,"Rock, WI",8.207545997788628
1990,2,"Rusk, WI",1.6045403587443947
1991,12,"Sauk, WI",4.755436928471027
1992,2,"Shawano, WI",2.515464913976416
1993,8,"Sheboygan, WI",5.975587538713791
1994,3,"Taylor, WI",1.744554358949369
1995,11,"Trempealeau, WI",7.025507266014023
1996,3,"Vernon, WI",1.5209250377767558
1997,1,"Vilas, WI",2.0118841529031957
1998,26,"Walworth, WI",10.894866095262131
1999,1,"Washburn, WI",1.6257570927637872
2000,6,"Washington, WI",2.972523272024104
2001,30,"Waukesha, WI",4.495709158600525
2002,1,"Waupaca, WI",2.880286296994651
2003,6,"Waushara, WI",6.213383942569519
2004,9,"Winnebago, WI",3.8410025547682123
2005,7,"Wood, WI",2.665000475407832
2006,8,"Berkeley, WV",3.889337678015485
2007,2,"Cabell, WV",1.3578547550790183
2008,74,"Gilmer, WV",3.5777333176415205
2009,3,"Greenbrier, WV",1.3856098931984262
2010,15,"Harrison, WV",1.4961832061068703
2011,3,"Jackson, WV",0.3219288331792185
2012,7,"Jefferson, WV",5.225909852154652
2013,6,"Kanawha, WV",1.0636166128794111
2014,53,"McDowell, WV",1.3860800078922704
2015,2,"Mercer, WV",1.0068970004554623
2016,8,"Monongalia, WV",2.038375134935377
2017,1,"Morgan, WV",1.3988808952837728
2018,3,"Ohio, WV",1.0610999375823567
2019,2,"Pendleton, WV",0.850363461802222
2020,50,"Preston, WV",1.83174030124582
2021,20,"Raleigh, WV",1.4759580274435946
2022,1,"Randolph, WV",0.8160617338750983
2023,1,"Wyoming, WV",0.25735457248080934
2024,7,"Albany, WY",9.229305423406279
2025,1,"Big Horn, WY",8.859274159751907
2026,14,"Campbell, WY",8.357229798031893
2027,7,"Carbon, WY",17.64780835881753
2028,8,"Converse, WY",7.691766856500035
2029,1,"Crook, WY",2.402526084568918
2030,3,"Fremont, WY",6.779244401838606
2031,3,"Goshen, WY",10.519710615679905
2032,1,"Johnson, WY",2.134857676154923
2033,36,"Laramie, WY",14.199815465638249
2034,2,"Lincoln, WY",4.416761041902604
2035,19,"Natrona, WY",8.198241644099863
2036,4,"Park, WY",5.618402503180552
2037,4,"Platte, WY",7.814645308924486
2038,3,"Sheridan, WY",4.113754845608876
2039,1,"Sublette, WY",7.814992025518341
2040,26,"Sweetwater, WY",15.85959118093368
2041,32,"Teton, WY",15.174822083720107
2042,3,"Uinta, WY",8.959938735461638
