,Arrest_Number,County_State,Percent_Hispanic,per_gop,State,Incarceration_Number,Border
0,4,"Autauga, AL",2.5722538102417847,0.734357893029,AL,25,0
1,145,"Baldwin, AL",4.366698411107213,0.773514719949,AL,25,0
2,2,"Barbour, AL",4.309761779514541,0.522714148219,AL,25,0
3,4,"Blount, AL",8.727297934285318,0.8985187519700001,AL,25,0
4,7,"Calhoun, AL",3.43622446778216,0.6923969942589999,AL,25,0
5,1,"Cherokee, AL",1.5638877090010426,0.838712748738,AL,25,0
6,25,"Chilton, AL",7.624894447360614,0.825417693783,AL,25,0
7,1,"Clay, AL",3.107616999184158,0.7958003651860001,AL,25,0
8,3,"Cleburne, AL",2.328063504769528,0.878444580527,AL,25,0
9,6,"Coffee, AL",6.558020042752642,0.771461999708,AL,25,0
10,3,"Colbert, AL",2.4017507402026594,0.678875984732,AL,25,0
11,1,"Crenshaw, AL",1.6839378238341969,0.7215291106849999,AL,25,0
12,11,"Cullman, AL",4.213192975552167,0.878105048554,AL,25,0
13,3,"Dale, AL",5.888281895700204,0.741150561315,AL,25,0
14,23,"DeKalb, AL",14.015252970946051,0.834892279384,AL,25,0
15,15,"Elmore, AL",2.8014872092592364,0.748380978187,AL,25,0
16,5,"Etowah, AL",3.629925602004586,0.739108432626,AL,25,0
17,10,"Franklin, AL",16.01684984005321,0.7918025930570001,AL,25,0
18,4,"Geneva, AL",3.7063328974406873,0.854876061412,AL,25,0
19,2,"Henry, AL",2.5309827194972945,0.701384557815,AL,25,0
20,12,"Houston, AL",3.186994061083251,0.727266238401,AL,25,0
21,6,"Jackson, AL",2.72772201946472,0.800721674284,AL,25,0
22,104,"Jefferson, AL",3.6892956413026328,0.450220777564,AL,25,0
23,29,"Craighead, AR",4.719878698339878,0.651967513155,AR,8,0
24,8,"Crawford, AR",6.988873996802687,0.7517490408490001,AR,8,0
25,13,"Crittenden, AR",2.3247359172709094,0.440119002405,AR,8,0
26,1,"Desha, AR",5.247670426679745,0.453147184098,AR,8,0
27,1,"Drew, AR",2.948416095890411,0.6054639804640001,AR,8,0
28,20,"Faulkner, AR",3.9479475489341205,0.62915192822,AR,8,0
29,2,"Franklin, AR",2.8147648744311478,0.751567632129,AR,8,0
30,18,"Garland, AR",5.214221727983196,0.645883432085,AR,8,0
31,2,"Greene, AR",2.6151560178306092,0.7417833864929999,AR,8,0
32,6,"Hempstead, AR",12.527017291066283,0.62872279496,AR,8,0
33,10,"Hot Spring, AR",3.2685406698564594,0.6900550148119999,AR,8,0
34,7,"Howard, AR",11.403573811818788,0.680837289599,AR,8,0
35,10,"Independence, AR",5.997839589522009,0.738302462248,AR,8,0
36,1,"Jackson, AR",2.68076593312375,0.640486942863,AR,8,0
37,9,"Jefferson, AR",1.8912758168128756,0.359420628431,AR,8,0
38,6,"Johnson, AR",13.34870317002882,0.6748916305439999,AR,8,0
39,1,"Lincoln, AR",3.5952637244348757,0.64368117462,AR,8,0
40,9,"Lonoke, AR",4.061504791032422,0.7435552566689999,AR,8,0
41,1,"Madison, AR",5.24712898927733,0.725007372457,AR,8,0
42,1,"Marion, AR",2.0970495001219214,0.7557308722830001,AR,8,0
43,7,"Miller, AR",2.899280905051986,0.705151420543,AR,8,0
44,2,"Mississippi, AR",3.902803230842327,0.537745286649,AR,8,0
45,2,"Ouachita, AR",1.9977353607246846,0.541139560773,AR,8,0
46,6,"Pike, AR",6.598892620495597,0.7962588473209999,AR,8,0
47,1,"Poinsett, AR",2.755791305789234,0.596062843082,AR,8,0
48,4,"Polk, AR",6.2986692952193195,0.8134466198739999,AR,8,0
49,19,"Pope, AR",8.200358121919914,0.7284288698070001,AR,8,0
50,138,"Pulaski, AR",5.9452892502922365,0.387895617772,AR,8,0
51,26,"Saline, AR",4.235271723612829,0.689846260414,AR,8,0
52,2,"Scott, AR",7.372666729199888,0.788200198873,AR,8,0
53,136,"Sebastian, AR",13.38112774929133,0.660490851069,AR,8,0
54,18,"Sevier, AR",32.33874251148723,0.7263670577820001,AR,8,0
55,1,"Union, AR",3.68423662418803,0.624372628229,AR,8,0
56,1,"Van Buren, AR",2.888941510774331,0.7568555758679999,AR,8,0
57,152,"Washington, AR",16.166052834992954,0.517165048047,AR,8,0
58,13,"White, AR",4.077490072694518,0.7663837382969999,AR,8,0
59,4,"Yell, AR",19.29913427887272,0.719987478479,AR,8,0
60,549,"Alameda, CA",22.55582890039166,0.148711258246,CA,65,1
61,6,"Amador, CA",13.045477910342775,0.5957756313279999,CA,65,1
62,30,"Butte, CA",15.411587612840979,0.480300977836,CA,65,1
63,19,"Calaveras, CA",11.226471967311943,0.585295961315,CA,65,1
64,16,"Colusa, CA",57.82032676372829,0.538519866545,CA,65,1
65,796,"Contra Costa, CA",25.06270731322066,0.254389718539,CA,65,1
66,1,"Del Norte, CA",19.27754452005212,0.5484456788800001,CA,65,1
67,14,"El Dorado, CA",12.496174863387978,0.533834670731,CA,65,1
68,755,"Fresno, CA",52.03039993355206,0.45531518716200003,CA,65,1
69,20,"Glenn, CA",40.230912210466116,0.617123360699,CA,65,1
70,12,"Humboldt, CA",10.748472429761359,0.32355214651,CA,65,1
71,2188,"Imperial, CA",82.70369728254487,0.270532442337,CA,65,1
72,6,"Inyo, CA",21.1011677398232,0.531265632816,CA,65,1
73,2496,"Kern, CA",51.61573535842046,0.5473142725919999,CA,65,1
74,70,"Kings, CA",53.148854326804695,0.54096124031,CA,65,1
75,21,"Lake, CA",18.861976403021412,0.440935224224,CA,65,1
76,215,"Lassen, CA",18.40663640632337,0.7267319132600001,CA,65,1
77,4076,"Los Angeles, CA",48.34019163471181,0.233886938213,CA,65,1
78,93,"Madera, CA",56.24779938187082,0.5609841520009999,CA,65,1
79,115,"Marin, CA",15.786287679578034,0.159458254882,CA,65,1
80,3,"Mariposa, CA",10.138849532445452,0.584093725358,CA,65,1
81,38,"Mendocino, CA",23.97350387259893,0.312286838653,CA,65,1
82,158,"Merced, CA",57.53751872634443,0.434729440538,CA,65,1
83,1,"Modoc, CA",14.77914314181335,0.7183685620720001,CA,65,1
84,4,"Mono, CA",27.506939007899796,0.403570042685,CA,65,1
85,397,"Monterey, CA",57.434548036847886,0.272849517978,CA,65,1
86,96,"Napa, CA",33.49168814753271,0.295744312133,CA,65,1
87,15,"Nevada, CA",9.143442249009013,0.44157796620399997,CA,65,1
88,3199,"Orange, CA",34.17882767157129,0.432801094389,CA,65,1
89,46,"Placer, CA",13.466785042542453,0.524652565567,CA,65,1
90,1,"Plumas, CA",8.414204969606484,0.575198187995,CA,65,1
91,708,"Riverside, CA",47.4621023696454,0.452762678244,CA,65,1
92,982,"Sacramento, CA",22.50841614277023,0.348695045837,CA,65,1
93,16,"San Benito, CA",58.33491240460974,0.36825631686800003,CA,65,1
94,1409,"San Bernardino, CA",51.69583159685469,0.42413027758,CA,65,1
95,2493,"San Diego, CA",33.083345320954734,0.382352214351,CA,65,1
96,153,"San Francisco, CA",15.277049261303896,0.09442505372369998,CA,65,1
97,264,"San Joaquin, CA",40.473519290490444,0.409944373436,CA,65,1
98,129,"San Luis Obispo, CA",21.922994115114108,0.422813566125,CA,65,1
99,230,"San Mateo, CA",25.081881634664814,0.186891084839,CA,65,1
100,862,"Santa Barbara, CA",44.3839825214215,0.327235970382,CA,65,1
101,378,"Santa Clara, CA",26.34356751205269,0.20852979907400002,CA,65,1
102,70,"Santa Cruz, CA",33.06635268758466,0.177589442247,CA,65,1
103,11,"Shasta, CA",9.319414377217845,0.655883893376,CA,65,1
104,1,"Sierra, CA",10.406004776526782,0.580931263858,CA,65,1
105,12,"Siskiyou, CA",11.679032701291565,0.565234926396,CA,65,1
106,80,"Solano, CA",25.439482676747456,0.317780184152,CA,65,1
107,270,"Sonoma, CA",26.042637652277328,0.228093380471,CA,65,1
108,235,"Stanislaus, CA",44.291796796221355,0.46726996752899996,CA,65,1
109,31,"Sutter, CA",29.856612791648324,0.551447632193,CA,65,1
110,68,"Tehama, CA",23.73879235102753,0.654907103825,CA,65,1
111,18,"Trinity, CA",7.207890743550835,0.510814249364,CA,65,1
112,305,"Tulare, CA",63.00209097152285,0.533863446511,CA,65,1
113,4,"Tuolumne, CA",11.571736224565573,0.574556918882,CA,65,1
114,575,"Ventura, CA",41.89631246219355,0.385746440995,CA,65,1
115,65,"Yolo, CA",31.21461718597231,0.26031645694600003,CA,65,1
116,18,"Yuba, CA",26.933434374873134,0.584718396809,CA,65,1
117,273,"Adams, CO",38.92936536542376,0.42145324768,CO,15,0
118,7,"Alamosa, CO",45.67969179966978,0.439466434682,CO,15,0
119,426,"Arapahoe, CO",18.66844324135296,0.389259314488,CO,15,0
120,2,"Archuleta, CO",18.535006070416834,0.5807956104249999,CO,15,0
121,2,"Bent, CO",31.60247592847318,0.616279069767,CO,15,0
122,69,"Boulder, CO",13.668576670350777,0.21934534755399998,CO,15,0
123,15,"Broomfield, CO",11.926532050152924,0.38219698998400004,CO,15,0
124,3,"Chaffee, CO",10.136705030528988,0.480316392399,CO,15,0
125,1,"Clear Creek, CO",5.66139857111929,0.438539407086,CO,15,0
126,2,"Costilla, CO",64.12256267409471,0.31923076923099997,CO,15,0
127,6,"Delta, CO",14.886999106581516,0.6952763939740001,CO,15,0
128,639,"Denver, CO",30.761507184499393,0.187854888911,CO,15,0
129,25,"Douglas, CO",8.189652429050593,0.547666167354,CO,15,0
130,36,"Eagle, CO",29.72737928687564,0.36057671045100004,CO,15,0
131,160,"El Paso, CO",16.18440972321403,0.563425510657,CO,15,0
132,7,"Elbert, CO",6.249742002063983,0.735292242973,CO,15,0
133,97,"Fremont, CO",12.889932742607025,0.6885740402189999,CO,15,0
134,40,"Garfield, CO",27.925906600573963,0.496467639015,CO,15,0
135,4,"Gilpin, CO",9.355290819901892,0.437604924454,CO,15,0
136,3,"Grand, CO",7.943409247757074,0.524726888288,CO,15,0
137,13,"Gunnison, CO",8.892944804581786,0.349499946231,CO,15,0
138,1,"Huerfano, CO",34.44257015795124,0.497083775186,CO,15,0
139,150,"Jefferson, CO",15.033553443925484,0.420745713649,CO,15,0
140,2,"Kit Carson, CO",19.439686811842428,0.8009964018819999,CO,15,0
141,23,"La Plata, CO",12.379153239248804,0.40593060347599996,CO,15,0
142,2,"Lake, CO",34.50885015538441,0.39811023622,CO,15,0
143,64,"Larimer, CO",11.008892223301807,0.426123147857,CO,15,0
144,5,"Las Animas, CO",42.31252618349393,0.546242342746,CO,15,0
145,2,"Lincoln, CO",21.323662737987306,0.7797668609489999,CO,15,0
146,8,"Logan, CO",15.323392187357058,0.749536178108,CO,15,0
147,33,"Mesa, CO",14.030209359772147,0.64278273412,CO,15,0
148,21,"Moffat, CO",14.60794844253491,0.813056835637,CO,15,0
149,8,"Montezuma, CO",12.108744135968623,0.611600818511,CO,15,0
150,28,"Montrose, CO",20.20016639749425,0.678832463218,CO,15,0
151,21,"Morgan, CO",35.20220588235294,0.6816958277249999,CO,15,0
152,2,"Otero, CO",41.28524945770065,0.5930924970229999,CO,15,0
153,1,"Park, CO",5.602189781021898,0.5908247925819999,CO,15,0
154,6,"Pitkin, CO",9.804480419540559,0.24280350438,CO,15,0
155,5,"Prowers, CO",36.704892335615874,0.7047006830050001,CO,15,0
156,31,"Pueblo, CO",42.546158684739574,0.46157173276600005,CO,15,0
157,2,"Rio Blanco, CO",10.28837488735356,0.809662398137,CO,15,0
158,6,"Rio Grande, CO",44.31730190140239,0.5575801749270001,CO,15,0
159,7,"Routt, CO",6.876563803169308,0.373874528028,CO,15,0
160,4,"Saguache, CO",38.097521982414065,0.409678611008,CO,15,0
161,2,"San Miguel, CO",9.73348783314021,0.2389236836,CO,15,0
162,16,"Summit, CO",14.154907923058527,0.315297926655,CO,15,0
163,1,"Teller, CO",6.100886162235856,0.674505386186,CO,15,0
164,2,"Washington, CO",9.181553801412546,0.843426883309,CO,15,0
165,148,"Weld, CO",28.77204970060957,0.567172434412,CO,15,0
166,3,"Yuma, CO",21.60591133004926,0.805102915952,CO,15,0
167,201,"Fairfield, CT",18.636007383036432,0.378905574012,CT,15,0
168,117,"Hartford, CT",16.897975770878386,0.370503407904,CT,15,0
169,4,"Litchfield, CT",5.402909134119401,0.547816983804,CT,15,0
170,18,"Middlesex, CT",5.64103187827631,0.439435759372,CT,15,0
171,45,"New Haven, CT",16.790958955665985,0.42130675243199994,CT,15,0
172,23,"New London, CT",9.815353284344178,0.43825033928400003,CT,15,0
173,1,"Tolland, CT",5.029369301663271,0.441020384331,CT,15,0
174,9,"Windham, CT",10.877363808742889,0.507622823107,CT,15,0
175,14,"Kent, DE",6.6050829863419525,0.498148222967,DE,15,0
176,77,"New Castle, DE",9.404398936950745,0.327026634234,DE,15,0
177,18,"Alachua, FL",8.994820349129515,0.36443004998899997,FL,35,0
178,6,"Baker, FL",2.3176625659050965,0.814785499446,FL,35,0
179,28,"Bay, FL",5.728270193596133,0.711523677296,FL,35,0
180,4,"Bradford, FL",3.79657490991493,0.736733344354,FL,35,0
181,41,"Brevard, FL",9.301690973330741,0.577787533762,FL,35,0
182,413,"Broward, FL",27.56484134393544,0.314182517315,FL,35,0
183,1,"Calhoun, FL",5.635738831615121,0.765946925993,FL,35,0
184,19,"Charlotte, FL",6.632201931125546,0.624939007298,FL,35,0
185,2,"Citrus, FL",5.121998106128029,0.683213971604,FL,35,0
186,11,"Clay, FL",9.007916304792708,0.704173443773,FL,35,0
187,492,"Collier, FL",26.634523713803283,0.617559602358,FL,35,0
188,3,"Columbia, FL",5.554415085486378,0.709471703373,FL,35,0
189,24,"DeSoto, FL",30.688222234872203,0.6267075550600001,FL,35,0
190,265,"Duval, FL",8.632685455494011,0.48995647651,FL,35,0
191,43,"Escambia, FL",5.389987531252625,0.582880963531,FL,35,0
192,5,"Flagler, FL",9.79332860460371,0.588786511766,FL,35,0
193,3,"Franklin, FL",5.117471166168304,0.686156921539,FL,35,0
194,9,"Gadsden, FL",10.027517171148139,0.30440690248700003,FL,35,0
195,10,"Glades, FL",20.991058122205665,0.68794489093,FL,35,0
196,3,"Gulf, FL",4.807267680272538,0.730869624948,FL,35,0
197,11,"Hamilton, FL",9.030775657986354,0.630893414052,FL,35,0
198,21,"Hardee, FL",43.00417551827705,0.691302626369,FL,35,0
199,55,"Hendry, FL",51.138732541171564,0.557536466775,FL,35,0
200,9,"Hernando, FL",11.5720289371426,0.628784166684,FL,35,0
201,22,"Highlands, FL",18.477271347939553,0.6472833358919999,FL,35,0
202,276,"Hillsborough, FL",26.627308381561214,0.446883738438,FL,35,0
203,2,"Holmes, FL",1.5841381777300834,0.8789090054080001,FL,35,0
204,26,"Indian River, FL",11.794938833922748,0.6078325844520001,FL,35,0
205,28,"Jackson, FL",4.597606781470002,0.6777634900220001,FL,35,0
206,4,"Jefferson, FL",4.04061923022298,0.514330585002,FL,35,0
207,4,"Lafayette, FL",12.85746968657058,0.828148148148,FL,35,0
208,38,"Lake, FL",13.807913447066305,0.599700997069,FL,35,0
209,180,"Lee, FL",19.641393894004143,0.586687415783,FL,35,0
210,69,"Leon, FL",6.08136578788432,0.35397070923199997,FL,35,0
211,6,"Levy, FL",7.928073135719142,0.710383642278,FL,35,0
212,2,"Liberty, FL",6.155703077851539,0.771471927162,FL,35,0
213,9,"Madison, FL",4.827586206896552,0.570269316712,FL,35,0
214,92,"Manatee, FL",15.67014043139574,0.569574447824,FL,35,0
215,63,"Marion, FL",11.923041890339395,0.617302346907,FL,35,0
216,72,"Martin, FL",12.876321683421011,0.6202633512560001,FL,35,0
217,787,"Miami-Dade, FL",66.42812801895198,0.34093821206299996,FL,35,0
218,25,"Monroe, FL",22.506804925469865,0.515742093604,FL,35,0
219,7,"Nassau, FL",3.785611566714602,0.7353503663750001,FL,35,0
220,101,"Okaloosa, FL",8.348910611957221,0.7131943133609999,FL,35,0
221,49,"Okeechobee, FL",25.088787417554542,0.685299295775,FL,35,0
222,300,"Orange, FL",29.33812611708882,0.357440454379,FL,35,0
223,54,"Osceola, FL",50.24009334470224,0.358991577428,FL,35,0
224,479,"Palm Beach, FL",20.707742660090354,0.41197136488499997,FL,35,0
225,35,"Pasco, FL",13.427740574634967,0.589430016527,FL,35,0
226,95,"Pinellas, FL",8.849468042079808,0.48572998046899996,FL,35,0
227,119,"Polk, FL",19.733852288961266,0.553912933185,FL,35,0
228,5,"Putnam, FL",9.544423545032087,0.6698823961779999,FL,35,0
229,21,"Santa Rosa, FL",5.112170002989573,0.744876017934,FL,35,0
230,50,"Sarasota, FL",8.601269814150864,0.543077077927,FL,35,0
231,46,"Seminole, FL",19.25740282904912,0.48697058967699997,FL,35,0
232,41,"Sumter, FL",5.596492618123234,0.6878367623839999,FL,35,0
233,8,"Suwannee, FL",8.746248825968433,0.7647121820620001,FL,35,0
234,2,"Taylor, FL",3.440793552386857,0.746093329023,FL,35,0
235,15,"Union, FL",5.41592453328056,0.8022132443350001,FL,35,0
236,47,"Volusia, FL",12.332274875393006,0.548447200197,FL,35,0
237,1,"Wakulla, FL",3.67886568308105,0.684762773723,FL,35,0
238,44,"Walton, FL",5.888376023924067,0.765666438213,FL,35,0
239,8,"Washington, FL",3.4393145734356603,0.774407753051,FL,35,0
240,8,"Appling, GA",9.35361216730038,0.784235327717,GA,74,0
241,5,"Atkinson, GA",24.74600870827286,0.719278033794,GA,74,0
242,3,"Bacon, GA",8.230379521820282,0.8369077306730001,GA,74,0
243,4,"Baldwin, GA",2.1721096751659097,0.47844479004699997,GA,74,0
244,6,"Banks, GA",6.348167539267016,0.882522315001,GA,74,0
245,29,"Barrow, GA",9.603217889282792,0.732100735396,GA,74,0
246,44,"Bartow, GA",7.997684958113436,0.760996357894,GA,74,0
247,5,"Ben Hill, GA",6.055731111749497,0.6304237717369999,GA,74,0
248,2,"Berrien, GA",4.85620983882861,0.824013408502,GA,74,0
249,16,"Bibb, GA",3.110367459174806,0.387282047765,GA,74,0
250,6,"Brooks, GA",5.6120166187280285,0.5869495851950001,GA,74,0
251,2,"Bryan, GA",6.444991789819376,0.697935338246,GA,74,0
252,9,"Bulloch, GA",3.634076646477352,0.599395470167,GA,74,0
253,2,"Burke, GA",2.977493650932656,0.480320855615,GA,74,0
254,7,"Butts, GA",3.0836066271987734,0.708768597657,GA,74,0
255,4,"Camden, GA",6.114182600015358,0.652695883134,GA,74,0
256,1,"Candler, GA",11.056376573617953,0.7082778812880001,GA,74,0
257,30,"Carroll, GA",6.562291219803791,0.6854197147040001,GA,74,0
258,9,"Catoosa, GA",2.6932744306497067,0.786872878159,GA,74,0
259,632,"Charlton, GA",8.790869833436151,0.736027944112,GA,74,0
260,42,"Chatham, GA",6.048907870480127,0.41173252337,GA,74,0
261,4,"Chattooga, GA",4.619500119779605,0.783046325491,GA,74,0
262,110,"Cherokee, GA",9.88990976850266,0.727371982856,GA,74,0
263,41,"Clarke, GA",10.519760400534265,0.28699034395399997,GA,74,0
264,2,"Clay, GA",5.052151238591916,0.445318646735,GA,74,0
265,151,"Clayton, GA",13.137281745224202,0.13156125330600002,GA,74,0
266,1,"Clinch, GA",4.490754329321984,0.705689725747,GA,74,0
267,536,"Cobb, GA",12.619785059611086,0.46749626253,GA,74,0
268,20,"Coffee, GA",11.042702476650714,0.6890472078300001,GA,74,0
269,25,"Colquitt, GA",18.553541150384767,0.727781047675,GA,74,0
270,28,"Columbia, GA",6.04342978042086,0.670821000156,GA,74,0
271,7,"Cook, GA",5.8293866573115825,0.691454123882,GA,74,0
272,39,"Coweta, GA",6.630046082949309,0.693353991682,GA,74,0
273,5,"Crisp, GA",3.2479077229955333,0.6052,GA,74,0
274,4,"Dade, GA",2.1337735387625334,0.809073420968,GA,74,0
275,6,"Dawson, GA",3.9408866995073892,0.845890410959,GA,74,0
276,395,"DeKalb, GA",8.726733729151183,0.160647714714,GA,74,0
277,1,"Decatur, GA",5.628373168851195,0.586931041219,GA,74,0
278,1,"Dodge, GA",3.4817813765182186,0.717798427448,GA,74,0
279,9,"Dooly, GA",7.26808148200724,0.505995828989,GA,74,0
280,13,"Dougherty, GA",2.5420791543010637,0.301459100958,GA,74,0
281,58,"Douglas, GA",8.99966011729569,0.4323716551899999,GA,74,0
282,5,"Echols, GA",29.714285714285715,0.856170212766,GA,74,0
283,7,"Effingham, GA",3.681157344410227,0.763624706134,GA,74,0
284,3,"Elbert, GA",5.424358048881097,0.665950455005,GA,74,0
285,2,"Emanuel, GA",4.466839765875984,0.6800204133709999,GA,74,0
286,2,"Evans, GA",11.646324420013043,0.667406996113,GA,74,0
287,5,"Fannin, GA",2.011075488195861,0.8179190751450001,GA,74,0
288,28,"Fayette, GA",6.989360244760034,0.580157981022,GA,74,0
289,30,"Floyd, GA",10.301562386303392,0.70204379562,GA,74,0
290,74,"Forsyth, GA",9.38035037112259,0.7172760342810001,GA,74,0
291,8,"Franklin, GA",4.308635298359474,0.8324286051450001,GA,74,0
292,332,"Fulton, GA",7.419360987683056,0.271069054186,GA,74,0
293,8,"Gilmer, GA",10.944191186627988,0.823173129867,GA,74,0
294,24,"Glynn, GA",6.568388947387531,0.6310625422280001,GA,74,0
295,33,"Gordon, GA",14.99491788369978,0.804827586207,GA,74,0
296,13,"Grady, GA",10.650228673692583,0.6582126918469999,GA,74,0
297,4,"Greene, GA",6.168732990625945,0.621447174725,GA,74,0
298,828,"Gwinnett, GA",20.547399919015557,0.45214258592100004,GA,74,0
299,19,"Habersham, GA",13.752172719787758,0.81746031746,GA,74,0
300,239,"Hall, GA",27.38001490954526,0.7368998902089999,GA,74,0
301,2,"Haralson, GA",1.4650992430320577,0.8464257312010001,GA,74,0
302,4,"Harris, GA",3.1401551891367605,0.727855051245,GA,74,0
303,3,"Hart, GA",3.6013794184497216,0.7229334127220001,GA,74,0
304,33,"Henry, GA",6.2996390734506535,0.465548721401,GA,74,0
305,37,"Houston, GA",6.445751222030751,0.593545895666,GA,74,0
306,35,"Jackson, GA",6.951441309491237,0.8040063569499999,GA,74,0
307,6,"Jeff Davis, GA",11.422457032033705,0.806052269601,GA,74,0
308,1,"Jefferson, GA",3.4442318375408925,0.440871070089,GA,74,0
309,2,"Jenkins, GA",3.898398674765323,0.623599208965,GA,74,0
310,2,"Johnson, GA",2.3107076542191045,0.684139054861,GA,74,0
311,3,"Jones, GA",1.369290268631755,0.663046949856,GA,74,0
312,3,"Lanier, GA",5.259102292429205,0.693463823838,GA,74,0
313,3,"Laurens, GA",2.518723065980503,0.6376491155899999,GA,74,0
314,3,"Liberty, GA",12.050227525059032,0.380860589479,GA,74,0
315,1,"Long, GA",11.77869280287653,0.638354830859,GA,74,0
316,38,"Lowndes, GA",5.316160073047815,0.5788172656399999,GA,74,0
317,6,"Lumpkin, GA",4.598957998327652,0.780022719896,GA,74,0
318,7,"Madison, GA",4.636485438262464,0.7697781498530001,GA,74,0
319,3,"Marion, GA",1.6308119361554476,0.603518693057,GA,74,0
320,5,"Meriwether, GA",0.89171974522293,0.568129833351,GA,74,0
321,3,"Miller, GA",0.10150566739976315,0.743307086614,GA,74,0
322,5,"Mitchell, GA",4.381420669066643,0.543718976709,GA,74,0
323,4,"Monroe, GA",2.3221416950155302,0.6959368836290001,GA,74,0
324,10,"Murray, GA",13.964124193302505,0.8323941394300001,GA,74,0
325,56,"Muscogee, GA",7.391302177201539,0.39375,GA,74,0
326,8,"Newton, GA",4.905631322123945,0.477470482107,GA,74,0
327,4,"Oconee, GA",4.647714636024065,0.677088807147,GA,74,0
328,1,"Oglethorpe, GA",4.0018992064030385,0.695037593985,GA,74,0
329,9,"Paulding, GA",5.629046252419409,0.691103852882,GA,74,0
330,8,"Peach, GA",7.247184747463485,0.505187400692,GA,74,0
331,5,"Pickens, GA",3.0441451053614297,0.833285652982,GA,74,0
332,1,"Pierce, GA",5.097214923804519,0.863505550226,GA,74,0
333,15,"Polk, GA",12.812931682136538,0.777369684984,GA,74,0
334,1,"Pulaski, GA",4.694589877835951,0.6770428015559999,GA,74,0
335,4,"Putnam, GA",6.500776141869326,0.690912946665,GA,74,0
336,13,"Rabun, GA",8.01863658656204,0.7909170964899999,GA,74,0
337,20,"Richmond, GA",4.6336474396528615,0.326088696766,GA,74,0
338,35,"Rockdale, GA",10.019527458347131,0.35816329245300005,GA,74,0
339,2,"Seminole, GA",2.955381784728611,0.655018171652,GA,74,0
340,6,"Spalding, GA",4.3574039933756215,0.602775636083,GA,74,0
341,3,"Stephens, GA",2.9471544715447155,0.787090163934,GA,74,0
342,10,"Sumter, GA",5.2784036047634375,0.480725416932,GA,74,0
343,8,"Tattnall, GA",10.870942201108472,0.7402238697490001,GA,74,0
344,558,"Telfair, GA",14.495580615665956,0.6454928835,GA,74,0
345,1,"Terrell, GA",2.5843188786684186,0.447954055994,GA,74,0
346,6,"Thomas, GA",3.43731240411766,0.599305926321,GA,74,0
347,16,"Tift, GA",11.122852719274533,0.678336980306,GA,74,0
348,3,"Toombs, GA",11.373343151693668,0.725955204216,GA,74,0
349,2,"Towns, GA",2.3505830903790086,0.799435028249,GA,74,0
350,1,"Treutlen, GA",1.7285054388317689,0.66962962963,GA,74,0
351,25,"Troup, GA",3.6269729059064546,0.6064823789399999,GA,74,0
352,7,"Turner, GA",4.428904428904429,0.617699115044,GA,74,0
353,3,"Upson, GA",2.3073425778586043,0.667154888319,GA,74,0
354,9,"Walker, GA",1.9415053637204114,0.791094030661,GA,74,0
355,16,"Walton, GA",3.8519602909556707,0.76915275201,GA,74,0
356,9,"Ware, GA",3.756552942165905,0.7002469135799999,GA,74,0
357,1,"Washington, GA",2.1953578336557062,0.491332225125,GA,74,0
358,40,"Wayne, GA",6.062120909151503,0.785177332305,GA,74,0
359,2,"Wheeler, GA",2.0171457387796266,0.676022835395,GA,74,0
360,2,"White, GA",2.9673063255152807,0.8283918103810001,GA,74,0
361,122,"Whitfield, GA",33.50409539521287,0.7085830972930001,GA,74,0
362,2,"Wilcox, GA",4.074741107609185,0.7050117726199999,GA,74,0
363,2,"Wilkes, GA",4.181781539701733,0.574720357942,GA,74,0
364,1,"Wilkinson, GA",2.5343642611683848,0.5453695042100001,GA,74,0
365,18,"Hawaii, HI",12.405514250309789,0.269791104602,HI,74,0
366,4,"Kauai, HI",10.654818516047525,0.287602050503,HI,74,0
367,24,"Maui, HI",10.868173536219038,0.25884640560600003,HI,74,0
368,1,"Benton, IA",1.380248833592535,0.705801860974,IN,24,0
369,2,"Carroll, IA",2.2573583069812697,0.728656057614,IN,24,0
370,2,"Cass, IA",2.352415692697089,0.6860275910860001,IN,24,0
371,8,"Clay, IA",3.1982036654933848,0.7574384936499999,IN,24,0
372,3,"Clinton, IA",2.951721837738681,0.717047747142,IN,24,0
373,12,"Crawford, IA",27.27590832215548,0.65628403398,IN,24,0
374,2,"Fayette, IA",2.2313765877102645,0.717628541448,IN,24,0
375,5,"Franklin, IA",11.863754450110651,0.788444040036,IN,24,0
376,8,"Hamilton, IA",5.6281605043672425,0.5682418798409999,IN,24,0
377,3,"Hancock, IA",3.7343267308740686,0.695311849446,IN,24,0
378,1,"Harrison, IA",1.5905127310777818,0.7012629533679999,IN,24,0
379,1,"Henry, IA",4.483225515270046,0.692154420922,IN,24,0
380,1,"Jasper, IA",1.8548277270870217,0.7037731603030001,IN,24,0
381,1,"Jefferson, IA",2.9498358056845206,0.634276799643,IN,24,0
382,40,"Johnson, IA",5.322310324915849,0.686345860575,IN,24,0
383,2,"Marion, IA",1.813416875018827,0.360672445786,IN,24,0
384,15,"Marshall, IA",19.796244016202284,0.682252332297,IN,24,0
385,2,"Montgomery, IA",3.3911368015414256,0.731805840673,IN,24,0
386,2,"Scott, IA",6.283456836298183,0.6704194260490001,IN,24,0
387,2,"Shelby, IA",2.9052243804420628,0.709116253136,IN,24,0
388,1,"Union, IA",2.6955897599489593,0.744065733414,IN,24,0
389,5,"Warren, IA",2.4185177496367034,0.738964021434,IN,24,0
390,11,"Washington, IA",5.629663124576079,0.724080120004,IN,24,0
391,2,"Wayne, IA",1.2025612993909105,0.626705767351,IN,24,0
392,4,"Franklin, ID",6.693306693306693,0.641505595117,IA,11,0
393,7,"Fremont, ID",12.321650124069478,0.675576814856,IA,11,0
394,7,"Bond, IL",3.489525587909202,0.654516215492,IL,15,0
395,11,"Boone, IL",20.53824362606232,0.542426119271,IL,15,0
396,2,"Clark, IL",1.41090185841258,0.717314487633,ID,12,1
397,1,"Franklin, IL",1.5264663443282789,0.709401709402,ID,12,1
398,10,"Jackson, IL",4.156247888085423,0.570462563701,IA,11,0
399,26,"Madison, IL",3.048819346301343,0.626070632406,IA,11,0
400,26,"Madison, IL",3.048819346301343,0.569962389239,ID,12,1
401,3,"Marion, IL",1.7842765498792303,0.623219778968,IA,11,0
402,2,"Marshall, IL",3.067993366500829,0.515536723164,IA,11,0
403,6,"Montgomery, IL",1.6996006962219719,0.6864745898360001,IA,11,0
404,1,"Union, IL",4.943292473364647,0.610436893204,IA,11,0
405,2,"Warren, IL",9.05683947532792,0.548855699212,IA,11,0
406,2,"Washington, IL",1.44756072099659,0.570029563932,IA,11,0
407,2,"Washington, IL",1.44756072099659,0.73709025595,ID,12,1
408,1,"Wayne, IL",0.7628503965611189,0.708319068812,IA,11,0
409,44,"Winnebago, IL",11.920898870181656,0.601189435018,IA,11,0
410,2,"Brown, IN",1.536919478783829,0.760273972603,IL,15,0
411,2,"Carroll, IN",3.938621482481132,0.602121294534,IL,15,0
412,13,"Cass, IN",14.066903246007723,0.636327661258,IL,15,0
413,54,"Clark, IN",5.116980867246235,0.718761990024,IL,15,0
414,1,"Clay, IN",1.2947907256850346,0.797865562281,IL,15,0
415,25,"Clinton, IN",14.719197357151598,0.7177438035670001,IL,15,0
416,1,"Franklin, IN",1.0923231528815485,0.7069012032590001,IL,15,0
417,1,"Greene, IN",1.2410749854441823,0.7468422952,IL,15,0
418,31,"Hamilton, IN",3.7453554292804294,0.773594014,IL,15,0
419,14,"Hancock, IN",2.0832464734903757,0.730749552315,IL,15,0
420,2,"Henry, IN",1.599493391620534,0.576180257511,IL,15,0
421,17,"Jackson, IN",6.13470220225955,0.44428577257299995,IL,15,0
422,3,"Jasper, IN",5.905382385463674,0.778409090909,IL,15,0
423,2,"Jefferson, IN",2.46290253063235,0.694553454632,IL,15,0
424,32,"Johnson, IN",3.334078757445771,0.7718131959450001,IL,15,0
425,4,"Knox, IN",1.7388555169143216,0.4852485886,IL,15,0
426,20,"Lake, IN",18.039893975470598,0.369951017461,IL,15,0
427,1,"Lawrence, IN",1.5165441176470589,0.747971518463,IL,15,0
428,13,"Madison, IN",3.707012058954891,0.549600475364,IL,15,0
429,453,"Marion, IN",9.83283662789575,0.70343373494,IL,15,0
430,10,"Marshall, IN",9.313945294984306,0.639674741657,IL,15,0
431,4,"Monroe, IN",3.2604751137537336,0.661319073084,IL,15,0
432,7,"Montgomery, IN",4.594835730030439,0.6716033985500001,IL,15,0
433,4,"Morgan, IN",1.4085520257826887,0.620250564798,IL,15,0
434,1,"Pulaski, IN",2.78853601859024,0.6401132228059999,IL,15,0
435,2,"Putnam, IN",2.6178706213788336,0.572821846554,IL,15,0
436,4,"Randolph, IN",3.2240286580325157,0.712086659065,IL,15,0
437,2,"Scott, IN",1.8496671441813433,0.760743321719,IL,15,0
438,7,"Shelby, IN",3.934330240518872,0.7522910557179999,IL,15,0
439,1,"Wabash, IN",2.4209839326226805,0.747686042207,IL,15,0
440,9,"Wayne, IN",2.77205108049182,0.843386627907,IL,15,0
441,1,"Anderson, KS",0.4581318401628913,0.728104974062,KS,13,0
442,1,"Atchison, KS",2.8084797970646855,0.622086657281,KS,13,0
443,1,"Barber, KS",3.1463465121092944,0.8248076052509999,KS,13,0
444,12,"Barton, KS",14.172852208422135,0.769825535289,KS,13,0
445,1,"Bourbon, KS",2.3727204935258626,0.7289624873270001,KS,13,0
446,1,"Brown, KS",3.873598369011213,0.7224747474750001,KS,13,0
447,5,"Butler, KS",4.4066159604008215,0.6942811726000001,KS,13,0
448,1,"Chase, KS",4.046028210838902,0.718330849478,KS,13,0
449,1,"Cheyenne, KS",6.308324001493094,0.8317955997159999,KS,13,0
450,2,"Clark, KS",11.872360394181136,0.827060020346,KS,13,0
451,1,"Clay, KS",2.3963575365444525,0.75959216528,KS,13,0
452,2,"Cloud, KS",3.1928617501612555,0.7454972592010001,KS,13,0
453,2,"Coffey, KS",2.466500652199692,0.75466935891,KS,13,0
454,1,"Comanche, KS",6.269757639620653,0.8226371061839999,KS,13,0
455,11,"Cowley, KS",10.253773244017012,0.658614739956,KS,13,0
456,15,"Crawford, KS",5.109340393574502,0.582754790336,KS,13,0
457,4,"Dickinson, KS",4.431489888567891,0.737387612388,KS,13,0
458,21,"Douglas, KS",5.770420792079208,0.296655677884,KS,13,0
459,1,"Edwards, KS",19.865546218487395,0.7897553516820001,KS,13,0
460,14,"Ellis, KS",5.483604298704877,0.712778730703,KS,13,0
461,2,"Ellsworth, KS",6.023529411764706,0.7361005331300001,KS,13,0
462,45,"Finney, KS",48.42224805991942,0.632514643921,KS,13,0
463,68,"Ford, KS",53.09347094978546,0.672592592593,KS,13,0
464,3,"Franklin, KS",3.9512138097650316,0.6591292925500001,KS,13,0
465,9,"Geary, KS",15.008963007224727,0.577360078552,KS,13,0
466,7,"Grant, KS",46.19256582343831,0.759411510169,KS,13,0
467,1,"Gray, KS",14.70929269504721,0.820984584784,KS,13,0
468,3,"Hamilton, KS",35.91741332294507,0.814639905549,KS,13,0
469,2,"Harper, KS",6.312521559158331,0.7759649820929999,KS,13,0
470,12,"Harvey, KS",11.383351525248463,0.584800550206,KS,13,0
471,4,"Haskell, KS",28.89650110105212,0.7776923076919999,KS,13,0
472,3,"Jackson, KS",4.212495323606435,0.678889470927,KS,13,0
473,173,"Johnson, KS",7.327733793595002,0.47866153356700003,KS,13,0
474,6,"Kearny, KS",30.509764138980472,0.7909433962260001,KS,13,0
475,2,"Kingman, KS",3.0531375860724954,0.7640963121,KS,13,0
476,2,"Kiowa, KS",6.031746031746032,0.8357771261,KS,13,0
477,1,"Labette, KS",4.324869197907166,0.660689480995,KS,13,0
478,1,"Lane, KS",5.275637225844695,0.823104693141,KS,13,0
479,29,"Leavenworth, KS",6.704321888684395,0.585894325381,KS,13,0
480,1,"Logan, KS",5.035714285714286,0.833827893175,KS,13,0
481,11,"Lyon, KS",20.63710667345289,0.540996168582,KS,13,0
482,1,"Marion, KS",3.1196266273642843,0.718755718207,KS,13,0
483,1,"Marshall, KS",2.308541603934558,0.709916994321,KS,13,0
484,5,"Meade, KS",15.174013921113689,0.829850746269,KS,13,0
485,3,"Miami, KS",2.9188397840607556,0.668773790103,KS,13,0
486,4,"Mitchell, KS",2.0479441181139864,0.784702549575,KS,13,0
487,6,"Montgomery, KS",6.071375684880794,0.7283833777850001,KS,13,0
488,2,"Morton, KS",21.430926475436863,0.8362068965520001,KS,13,0
489,1,"Neosho, KS",4.957818804254799,0.7055763290520001,KS,13,0
490,2,"Ness, KS",10.403675746636036,0.8473867595819999,KS,13,0
491,1,"Osage, KS",2.793575401537404,0.68363794604,KS,13,0
492,1,"Ottawa, KS",2.731512325116589,0.788904396371,KS,13,0
493,2,"Pottawatomie, KS",5.244328097731239,0.719277922579,KS,13,0
494,1,"Pratt, KS",6.845513413506013,0.741986337362,KS,13,0
495,8,"Reno, KS",8.875758193188409,0.643978164449,KS,13,0
496,9,"Riley, KS",7.781302481806307,0.479462759463,KS,13,0
497,1,"Rooks, KS",2.441860465116279,0.840622371741,KS,13,0
498,2,"Russell, KS",2.847738981110475,0.8081321473950001,KS,13,0
499,19,"Saline, KS",10.684645435397051,0.630340469678,KS,13,0
500,186,"Sedgwick, KS",13.891004110416533,0.560547717842,KS,13,0
501,35,"Seward, KS",58.98210049601035,0.637781994518,KS,13,0
502,56,"Shawnee, KS",11.705970308063641,0.479972300673,KS,13,0
503,1,"Stanton, KS",32.860520094562645,0.78167115903,KS,13,0
504,4,"Stevens, KS",34.66364586964099,0.844036697248,KS,13,0
505,1,"Sumner, KS",5.236292483729636,0.7208763429530001,KS,13,0
506,2,"Wilson, KS",2.7914247431889234,0.788914417002,KS,13,0
507,115,"Wyandotte, KS",27.604665681771824,0.326963996039,KS,13,0
508,3,"Allen, KY",1.851035698545615,0.799752628324,KY,28,0
509,4,"Anderson, KY",1.5640005487721222,0.722095671982,KY,28,0
510,1,"Ballard, KY",1.1684518013631937,0.77154015133,KY,28,0
511,11,"Barren, KY",2.957007877653799,0.7298760352949999,KY,28,0
512,1,"Bell, KY",0.42997542997543,0.7992588017290001,KY,28,0
513,23,"Boone, KY",3.9663844145922202,0.6790964378800001,KY,28,0
514,4,"Bourbon, KY",6.63367326534693,0.6334887953589999,KY,28,0
515,5,"Boyd, KY",1.6093275309959767,0.664824145184,KY,28,0
516,3,"Boyle, KY",3.123102866779089,0.621905940594,KY,28,0
517,1,"Breckinridge, KY",1.2149999999999999,0.739760410724,KY,28,0
518,13,"Bullitt, KY",1.6982515728125362,0.7273282273280001,KY,28,0
519,1,"Butler, KY",3.4222014343623326,0.794260089686,KY,28,0
520,5,"Calloway, KY",2.5429481489217274,0.646361992643,KY,28,0
521,6,"Campbell, KY",1.8314818054583626,0.589814226178,KY,28,0
522,6,"Carroll, KY",6.718634001484782,0.6720332381199999,KY,28,0
523,2,"Carter, KY",1.1981533049978015,0.738969513977,KY,28,0
524,3,"Casey, KY",2.699648417880462,0.851506679093,KY,28,0
525,8,"Christian, KY",7.311729062973383,0.639267751144,KY,28,0
526,16,"Clark, KY",2.7530387049795553,0.6613968998950001,KY,28,0
527,44,"Clay, KY",2.1502835538752363,0.8667553978110001,KY,28,0
528,1,"Cumberland, KY",0.20648967551622419,0.817379941196,KY,28,0
529,22,"Daviess, KY",2.740974838944937,0.6318193740160001,KY,28,0
530,1,"Estill, KY",0.27766208524226016,0.764897074756,KY,28,0
531,211,"Fayette, KY",6.844306629559367,0.41796461737400004,KY,28,0
532,2,"Fleming, KY",1.1758234202021591,0.75552,KY,28,0
533,12,"Franklin, KY",2.907046536753231,0.49576342281900004,KY,28,0
534,2,"Gallatin, KY",5.1152990752663,0.7327534493100001,KY,28,0
535,2,"Garrard, KY",2.257932086094657,0.7755155654800001,KY,28,0
536,3,"Graves, KY",5.931137804649669,0.7641418405500001,KY,28,0
537,2,"Grayson, KY",1.2225969645868466,0.778019689512,KY,28,0
538,1,"Green, KY",0.9080284096017261,0.820108797599,KY,28,0
539,15,"Hardin, KY",5.473492419101447,0.625565374713,KY,28,0
540,1,"Harrison, KY",2.2438134092007083,0.6991252894259999,KY,28,0
541,7,"Henderson, KY",2.2410594883740997,0.617458866545,KY,28,0
542,4,"Hopkins, KY",1.835673763454777,0.7516359163590001,KY,28,0
543,172,"Jefferson, KY",4.813326945048465,0.407502735431,KY,28,0
544,7,"Jessamine, KY",3.0069587376261886,0.6643482740860001,KY,28,0
545,21,"Kenton, KY",2.9358662855813895,0.597427160837,KY,28,0
546,1,"Larue, KY",3.1358391732144124,0.754678408555,KY,28,0
547,2,"Laurel, KY",1.4395329441201001,0.8299544556849999,KY,28,0
548,1,"Lincoln, KY",1.5476580412708811,0.767974882261,KY,28,0
549,2,"Logan, KY",2.634824531898195,0.7138399412630001,KY,28,0
550,6,"Madison, KY",2.2307727543401583,0.627873948229,KY,28,0
551,5,"Marion, KY",2.461917218033544,0.6317217562899999,KY,28,0
552,5,"Marshall, KY",1.3423893890366194,0.738817604029,KY,28,0
553,9,"Martin, KY",1.7550889565635517,0.8866109845610001,KY,28,0
554,3,"Mason, KY",1.5729293632828372,0.685524126456,KY,28,0
555,6,"McCracken, KY",2.3096244562886725,0.664045518476,KY,28,0
556,3,"McCreary, KY",3.019607843137255,0.8683298683299999,KY,28,0
557,3,"Mercer, KY",2.4893746205221614,0.731638151054,KY,28,0
558,3,"Monroe, KY",2.852600074822297,0.8571428571430001,KY,28,0
559,5,"Montgomery, KY",2.5665364535796433,0.686893416106,KY,28,0
560,2,"Muhlenberg, KY",0.5606099436186571,0.719990801778,KY,28,0
561,11,"Nelson, KY",2.018941504178273,0.646885988151,KY,28,0
562,2,"Ohio, KY",2.82792315336204,0.76380073091,KY,28,0
563,31,"Oldham, KY",3.74475546371094,0.623332724283,KY,28,0
564,3,"Pike, KY",0.7883295376725963,0.8012339164669999,KY,28,0
565,3,"Pulaski, KY",2.3207677350561373,0.817419239693,KY,28,0
566,2,"Rowan, KY",2.2261542259896303,0.586023332201,KY,28,0
567,8,"Russell, KY",3.5286134358742367,0.839921674214,KY,28,0
568,9,"Scott, KY",4.288385136714186,0.623039033073,KY,28,0
569,32,"Shelby, KY",8.850935130206596,0.641735155376,KY,28,0
570,1,"Simpson, KY",2.111335125448029,0.6747740563529999,KY,28,0
571,2,"Spencer, KY",1.8934711765366894,0.7567567567569999,KY,28,0
572,2,"Taylor, KY",2.1212719731384553,0.736218033802,KY,28,0
573,3,"Todd, KY",3.9149618933012436,0.757073988682,KY,28,0
574,33,"Warren, KY",4.964234384550576,0.592221579643,KY,28,0
575,2,"Washington, KY",3.9776982607972036,0.713929905711,KY,28,0
576,2,"Webster, KY",4.950866401620284,0.757580978635,KY,28,0
577,1,"Whitley, KY",1.1104291055186652,0.821794406102,KY,28,0
578,17,"Woodford, KY",6.588253682935406,0.568170074555,KY,28,0
579,2,"Franklin, MA",3.6648993175023974,0.482236601148,ME,2,1
580,1,"Calvert, MD",3.415555580103174,0.568074577051,MD,13,0
581,6,"Caroline, MD",6.434324564358558,0.6775335039899999,MD,13,0
582,8,"Carroll, MD",3.041752469633211,0.6549676598449999,MD,13,0
583,10,"Cecil, MD",4.0,0.651847124725,MD,13,0
584,3,"Charles, MD",5.143271766100662,0.33337472406199997,MD,13,0
585,4,"Dorchester, MD",4.671658808665372,0.565626336041,MD,13,0
586,42,"Frederick, MD",8.413940402111187,0.491223186792,MD,13,0
587,2,"Garrett, MD",1.0142534622771842,0.789538938396,MD,13,0
588,18,"Harford, MD",4.0868618281980655,0.597799137043,MD,13,0
589,34,"Howard, MD",6.352793186511783,0.305954194302,MD,13,0
590,3,"Kent, MD",4.389727029618043,0.501636482653,MD,13,0
591,175,"Montgomery, MD",18.565411532477047,0.20324516287,MD,13,0
592,146,"Prince George's, MD",16.739352985931717,0.0834256645713,MD,13,0
593,12,"Queen Anne's, MD",3.4242075874527838,0.658100921528,MD,13,0
594,3,"Somerset, MD",3.6179003050310827,0.576642335766,MD,13,0
595,15,"Talbot, MD",6.100669002867155,0.539106294378,MD,13,0
596,8,"Washington, MD",4.200680613220477,0.639574517133,MD,13,0
597,19,"Wicomico, MD",4.893279620199553,0.537988740251,MD,13,0
598,20,"Worcester, MD",3.355300246884781,0.622189198702,MD,13,0
599,1,"Franklin, ME",1.2685827552031714,0.271856161318,MA,11,0
600,38,"Allegan, MI",7.08127320394841,0.6130582198610001,MI,18,1
601,3,"Alpena, MI",1.2962770921912268,0.61887254902,MI,18,1
602,1,"Antrim, MI",1.9556321343958647,0.62400530504,MI,18,1
603,3,"Barry, MI",2.576033447973565,0.634297042789,MI,18,1
604,1,"Bay, MI",5.042080164362389,0.53515831633,MI,18,1
605,47,"Berrien, MI",5.049183286706976,0.537631117665,MI,18,1
606,8,"Branch, MI",4.334564135495264,0.668587022438,MI,18,1
607,16,"Calhoun, MI",4.832542634622952,0.535654747729,MI,18,1
608,1,"Cass, MI",3.4752389226759344,0.611937091784,MI,18,1
609,1,"Charlevoix, MI",1.723215650313312,0.595455481568,MI,18,1
610,1,"Chippewa, MI",1.6671014870858334,0.590903200726,MI,18,1
611,6,"Clinton, MI",4.353679849828468,0.533354698748,MI,18,1
612,4,"Eaton, MI",5.160119398584905,0.495779908774,MI,18,1
613,12,"Genesee, MI",3.2501391948485803,0.429163586305,MI,18,1
614,5,"Grand Traverse, MI",2.6213966819158907,0.532685581034,MI,18,1
615,9,"Gratiot, MI",5.633937997888474,0.6007784941,MI,18,1
616,1,"Hillsdale, MI",2.1184599339475056,0.708953722334,MI,18,1
617,50,"Ingham, MI",7.548522450528713,0.33229446051,MI,18,1
618,11,"Ionia, MI",4.637744440632504,0.62107419208,MI,18,1
619,7,"Isabella, MI",3.702496670161816,0.486821338384,MI,18,1
620,8,"Jackson, MI",3.3276273960234004,0.572009717251,MI,18,1
621,21,"Kalamazoo, MI",4.585758202664295,0.40511725386200004,MI,18,1
622,1,"Kalkaska, MI",1.6976649863839157,0.6965246636769999,MI,18,1
623,271,"Kent, MI",10.155683941578005,0.48309987919200004,MI,18,1
624,8,"Lapeer, MI",4.509115615445589,0.665625138501,MI,18,1
625,3,"Leelanau, MI",4.00661643080316,0.49054685911799994,MI,18,1
626,8,"Lenawee, MI",7.668764504981099,0.575836147729,MI,18,1
627,5,"Livingston, MI",2.2029584429700657,0.621963116967,MI,18,1
628,55,"Macomb, MI",2.4458446696126455,0.536302483684,MI,18,1
629,3,"Manistee, MI",2.779480891068874,0.548896650262,MI,18,1
630,2,"Marquette, MI",1.3957696757542497,0.445207769705,MI,18,1
631,3,"Mason, MI",4.371413667188316,0.580229226361,MI,18,1
632,1,"Mecosta, MI",2.068933632307728,0.600909674033,MI,18,1
633,5,"Midland, MI",2.5012266781555548,0.5634158427520001,MI,18,1
634,7,"Missaukee, MI",2.5279403938265035,0.737707163402,MI,18,1
635,47,"Monroe, MI",3.367234652705992,0.583730314031,MI,18,1
636,6,"Montcalm, MI",3.3295190871237406,0.636654616659,MI,18,1
637,7,"Muskegon, MI",5.328554499616609,0.466348522966,MI,18,1
638,3,"Newaygo, MI",5.728048043038555,0.671267418713,MI,18,1
639,164,"Oakland, MI",3.7631505446420257,0.435921327393,MI,18,1
640,24,"Oceana, MI",14.419547262159682,0.6072418717970001,MI,18,1
641,1,"Ogemaw, MI",1.87177178600199,0.657327171192,MI,18,1
642,1,"Osceola, MI",1.6701191092698082,0.692271397565,MI,18,1
643,2,"Otsego, MI",1.5745102901066206,0.659749381435,MI,18,1
644,46,"Ottawa, MI",9.276781291691826,0.622096901757,MI,18,1
645,2,"Roscommon, MI",1.5230125523012552,0.624501380792,MI,18,1
646,4,"Saginaw, MI",8.198216197662923,0.48269602327,MI,18,1
647,1,"Sanilac, MI",3.6397595843011423,0.698747596529,MI,18,1
648,1,"Shiawassee, MI",2.760174418604651,0.56491599107,MI,18,1
649,3,"Tuscola, MI",3.173251379272041,0.66601674504,MI,18,1
650,33,"Van Buren, MI",11.01095511593278,0.538644506669,MI,18,1
651,46,"Washtenaw, MI",4.442557849877961,0.268882110672,MI,18,1
652,200,"Wayne, MI",5.643380574600601,0.295193758463,MI,18,1
653,2,"Wexford, MI",1.766730634499985,0.654493095098,MI,18,1
654,31,"Anoka, MN",4.057740828544552,0.507056561135,MN,21,1
655,2,"Benton, MN",2.0047139924474746,0.646476821857,MN,21,1
656,11,"Blue Earth, MN",3.076735242048715,0.47110295886500003,MN,21,1
657,1,"Brown, MN",3.8970268883010224,0.6373417258290001,MN,21,1
658,12,"Carver, MN",4.042494055155801,0.527331131356,MN,21,1
659,4,"Chippewa, MN",6.020122051789543,0.608864445163,MN,21,1
660,3,"Chisago, MN",1.9318665457708037,0.614515645306,MN,21,1
661,9,"Cottonwood, MN",6.801072942805226,0.645778479902,MN,21,1
662,1,"Crow Wing, MN",1.3581592204797777,0.626602564103,MN,21,1
663,83,"Dakota, MN",6.574591275686554,0.43568807700499995,MN,21,1
664,2,"Dodge, MN",4.852413928588969,0.6178530859520001,MN,21,1
665,3,"Faribault, MN",6.211488065727035,0.633446634942,MN,21,1
666,1,"Fillmore, MN",1.2741294247257748,0.571337463557,MN,21,1
667,4,"Freeborn, MN",9.365549087834541,0.552953732187,MN,21,1
668,4,"Goodhue, MN",3.1130247578040904,0.549808129063,MN,21,1
669,307,"Hennepin, MN",6.806779324631078,0.285095830781,MN,21,1
670,2,"Isanti, MN",1.7758248615480614,0.653173652695,MN,21,1
671,2,"Jackson, MN",3.2765915576109417,0.661837520631,MN,21,1
672,16,"Kandiyohi, MN",11.745471653728535,0.590585735403,MN,21,1
673,1,"Koochiching, MN",0.19334880123743234,0.5653413590999999,MN,21,1
674,1,"Lake of the Woods, MN",1.2304537298128686,0.690582959641,MN,21,1
675,3,"Le Sueur, MN",5.616636528028933,0.6176094706399999,MN,21,1
676,1,"Lincoln, MN",1.605385810460901,0.6429047301799999,MN,21,1
677,8,"Lyon, MN",6.178418387222439,0.598235633605,MN,21,1
678,3,"McLeod, MN",5.516895841451873,0.65055662599,MN,21,1
679,1,"Meeker, MN",3.485753875465489,0.6642892277419999,MN,21,1
680,1,"Mille Lacs, MN",2.047463936714751,0.644114921223,MN,21,1
681,3,"Morrison, MN",1.4946727549467276,0.737139272271,MN,21,1
682,17,"Mower, MN",10.93813697513249,0.501847955876,MN,21,1
683,4,"Nicollet, MN",4.165412628664299,0.470916601541,MN,21,1
684,39,"Nobles, MN",26.052740577108935,0.6167364990690001,MN,21,1
685,1,"Norman, MN",4.820729135281711,0.525680693069,MN,21,1
686,37,"Olmsted, MN",4.634786547993391,0.449916116907,MN,21,1
687,5,"Otter Tail, MN",3.1043089402710855,0.648587535621,MN,21,1
688,1,"Pennington, MN",3.383724215880192,0.599610253335,MN,21,1
689,5,"Pine, MN",2.7625829979014003,0.5966202928109999,MN,21,1
690,5,"Pipestone, MN",5.288099084544965,0.698472483783,MN,21,1
691,2,"Polk, MN",5.958795562599049,0.610899442101,MN,21,1
692,100,"Ramsey, MN",7.334514832708719,0.262957857936,MN,21,1
693,1,"Redwood, MN",2.8951084863268712,0.678958498546,MN,21,1
694,7,"Renville, MN",7.642547515838613,0.646568821896,MN,21,1
695,5,"Rice, MN",7.769211868050863,0.478908650712,MN,21,1
696,1,"Roseau, MN",1.063489012749055,0.701815372731,MN,21,1
697,20,"Scott, MN",4.743709226467847,0.53700766232,MN,21,1
698,18,"Sherburne, MN",2.448787121112427,0.647690767241,MN,21,1
699,55,"Stearns, MN",3.087966367523314,0.602873963411,MN,21,1
700,4,"Steele, MN",7.213814619194878,0.588130252101,MN,21,1
701,1,"Stevens, MN",4.578979717271051,0.5233644859809999,MN,21,1
702,6,"Todd, MN",5.337990548592562,0.710398526457,MN,21,1
703,2,"Wabasha, MN",2.874290805082759,0.594100646039,MN,21,1
704,1,"Wadena, MN",1.7157397310069065,0.701624601102,MN,21,1
705,49,"Waseca, MN",5.668803194283913,0.622925148763,MN,21,1
706,33,"Washington, MN",3.8163581177511103,0.451047653718,MN,21,1
707,4,"Watonwan, MN",22.635503819570754,0.556829611748,MN,21,1
708,11,"Winona, MN",2.737315475608564,0.468899891691,MN,21,1
709,4,"Wright, MN",2.695463431905297,0.625762790294,MN,21,1
710,6,"Yellow Medicine, MN",4.144251842996613,0.643822577575,MN,21,1
711,17,"Clay, MO",6.46921311686362,0.415261044177,MS,25,0
712,3,"Franklin, MO",1.6382038544820356,0.636406731453,MS,25,0
713,71,"Greene, MO",3.3855434771185045,0.809201877934,MS,25,0
714,1,"Harrison, MO",2.0349173314834084,0.63969972292,MS,25,0
715,184,"Jackson, MO",8.685381112656753,0.686330144067,MS,25,0
716,42,"Jasper, MO",7.55776308615049,0.476145488899,MS,25,0
717,2,"Jefferson, MO",1.777454113902712,0.126716766002,MS,25,0
718,7,"Lafayette, MO",2.6502790570008234,0.553507789431,MS,25,0
719,4,"Lawrence, MO",7.004502146372108,0.643387580976,MS,25,0
720,1,"Lincoln, MO",2.2418303061562836,0.69439873626,MS,25,0
721,1,"Madison, MO",0.8385068128678546,0.56843811046,MS,25,0
722,3,"Newton, MO",4.9811886076164855,0.689899930184,MS,25,0
723,2,"Perry, MO",2.072890559732665,0.7612297496320001,MS,25,0
724,2,"Pike, MO",2.1488497970230043,0.495618243459,MS,25,0
725,1,"Putnam, MO",1.4148041828993234,0.826643894108,MO,18,0
726,1,"Randolph, MO",1.9137992902994296,0.7303327189830001,MO,18,0
727,1,"Ray, MO",2.2992016055145936,0.655560682972,MO,18,0
728,4,"Saline, MO",9.481347462738004,0.646511627907,MO,18,0
729,4,"Scott, MO",2.0951941324306302,0.763627928555,MO,18,0
730,4,"Scott, MO",2.0951941324306302,0.581939799331,MS,25,0
731,1,"Stoddard, MO",1.571102457365382,0.834237083898,MO,18,0
732,2,"Sullivan, MO",18.31359102244389,0.7584541062800001,MO,18,0
733,6,"Taney, MO",5.370174363545206,0.7795204923289999,MO,18,0
734,2,"Texas, MO",1.9968859478396261,0.811614083219,MO,18,0
735,2,"Warren, MO",3.1661159507359566,0.704617531397,MO,18,0
736,2,"Warren, MO",3.1661159507359566,0.5151200306229999,MS,25,0
737,32,"Harrison, MS",5.32255627738329,0.805268875611,MO,18,0
738,19,"Jackson, MS",5.5065672701455455,0.390314320401,MO,18,0
739,1,"Jasper, MS",0.3265207401136776,0.727661429253,MO,18,0
740,15,"Lafayette, MS",2.360469794800069,0.694087891242,MO,18,0
741,1,"Lawrence, MS",0.6427041180671268,0.7846947343170001,MO,18,0
742,32,"Madison, MS",2.756628778575709,0.7713426100040001,MO,18,0
743,1,"Marion, MS",1.4025571483920962,0.729964346613,MO,18,0
744,1,"Monroe, MS",1.0713591828804574,0.761755485893,MO,18,0
745,4,"Pike, MS",1.4271764440772177,0.715118644068,MO,18,0
746,2,"Dawson, MT",2.7886756441522635,0.767512217826,MT,4,1
747,1,"Fergus, MT",0.8224691574065973,0.732445520581,MT,4,1
748,1,"Flathead, MT",2.5523781363521163,0.651850728155,MT,4,1
749,4,"Gallatin, MT",3.139100430796872,0.447775498859,MT,4,1
750,1,"Hill, MT",3.2730352713412794,0.54293366945,MT,4,1
751,5,"Missoula, MT",3.017656784643814,0.378882855197,MT,4,1
752,1,"Powell, MT",2.453810623556582,0.728684971098,MT,4,1
753,1,"Richland, MT",4.968398876404494,0.807356608479,MT,4,1
754,1,"Rosebud, MT",4.535729567821994,0.658623771224,MT,4,1
755,4,"Silver Bow, MT",4.08275462962963,0.387793077782,MT,4,1
756,2,"Toole, MT",3.3437622213531486,0.7408325074330001,MT,4,1
757,7,"Yellowstone, MT",5.259939231640746,0.597989949749,MT,4,1
758,1,"Camden, NC",2.6495893625342197,0.32217821871999996,NJ,16,0
759,22,"Cumberland, NC",10.901022277736686,0.456693952997,NJ,16,0
760,10,"Lincoln, NC",7.054134339395611,0.664972899729,NM,9,1
761,10,"Lincoln, NC",7.054134339395611,0.7837711069419999,NV,7,0
762,13,"Rockingham, NC",5.896755098043483,0.5052763889280001,NH,3,1
763,85,"Union, NC",10.749767937724595,0.308052054607,NJ,16,0
764,85,"Union, NC",10.749767937724595,0.719194312796,NM,9,1
765,1,"Washington, NC",4.886827161481245,0.6967120181409999,NE,6,0
766,14,"Wayne, NC",10.9484358803346,0.7152406417110001,NE,6,0
767,51,"Mercer, NJ",16.432723167008444,0.813978965819,ND,6,1
768,3,"Colfax, NM",48.96193771626297,0.684426229508,NE,6,0
769,1,"Franklin, NY",3.295626090536593,0.8121980676330001,NE,6,0
770,5,"Jefferson, NY",7.085940016614957,0.695918367347,NE,6,0
771,4,"Madison, NY",2.0363717071952725,0.753654342218,NE,6,0
772,2,"Allen, OH",2.7459298326072004,0.668921946411,OH,30,0
773,2,"Ashland, OH",1.181035937236376,0.7131760405419999,OH,30,0
774,2,"Ashtabula, OH",3.874968490042854,0.571604411063,OH,30,0
775,1,"Athens, OH",1.8294087830053916,0.38710139221900003,OH,30,0
776,3,"Auglaize, OH",1.4300974471888557,0.793088363955,OH,30,0
777,1,"Brown, OH",0.8170861798951407,0.7449187522859999,OH,30,0
778,105,"Butler, OH",4.372681579496732,0.620114949353,OH,30,0
779,1,"Champaign, OH",1.4881940012763242,0.699778371313,OH,30,0
780,19,"Clark, OH",3.100422250780246,0.5754948004029999,OH,30,0
781,4,"Clermont, OH",1.720605494002745,0.68384220621,OH,30,0
782,2,"Clinton, OH",1.579299469584747,0.743977900552,OH,30,0
783,1,"Columbiana, OH",1.4824669770977859,0.686816464506,OH,30,0
784,1,"Coshocton, OH",0.9327696713486976,0.693870730566,OH,30,0
785,73,"Cuyahoga, OH",5.411651611570576,0.308444353,OH,30,0
786,3,"Darke, OH",1.4237807799176008,0.78792,OH,30,0
787,4,"Defiance, OH",9.512055705674497,0.645012644001,OH,30,0
788,17,"Delaware, OH",2.4053419119981374,0.556038401215,OH,30,0
789,2,"Erie, OH",4.023322076825664,0.525483256194,OH,30,0
790,6,"Fairfield, OH",1.9891717666802076,0.611876612515,OH,30,0
791,304,"Franklin, OH",5.093505654490885,0.346717479913,OH,30,0
792,4,"Fulton, OH",8.246597277822259,0.6484801623740001,OH,30,0
793,5,"Geauga, OH",1.2944054456498617,0.606881976362,OH,30,0
794,3,"Greene, OH",2.621633957097216,0.5965617269219999,OH,30,0
795,1,"Guernsey, OH",1.0816150767516086,0.691012626888,OH,30,0
796,140,"Hamilton, OH",2.8909443958484546,0.43030886075900004,OH,30,0
797,2,"Hancock, OH",5.067924727772492,0.675176056338,OH,30,0
798,1,"Hardin, OH",1.4912169847087071,0.710920592642,OH,30,0
799,1,"Henry, OH",7.303693079956974,0.6682759125159999,OH,30,0
800,2,"Hocking, OH",0.8539560822586266,0.6618716534800001,OH,30,0
801,2,"Holmes, OH",0.8969841197199213,0.7925713757739999,OH,30,0
802,9,"Huron, OH",6.0098119378577275,0.654693407858,OH,30,0
803,1,"Jackson, OH",0.9658587278784729,0.7264899161570001,OH,30,0
804,1,"Jefferson, OH",1.3312230981998905,0.6593504753399999,OH,30,0
805,2,"Knox, OH",1.4044482407437826,0.668503313166,OH,30,0
806,15,"Lake, OH",3.9334223129465338,0.555253125277,OH,30,0
807,2,"Lawrence, OH",0.8796318878753882,0.7029172607809999,OH,30,0
808,2,"Licking, OH",1.6611491382052521,0.621493973476,OH,30,0
809,1,"Logan, OH",1.4034546576187539,0.741943161803,OH,30,0
810,15,"Lorain, OH",9.302478534386088,0.478185783073,OH,30,0
811,14,"Lucas, OH",6.6724931002759895,0.386584169779,OH,30,0
812,4,"Madison, OH",1.7020005971931922,0.675599856751,OH,30,0
813,326,"Mahoning, OH",5.339570413921851,0.468043996561,OH,30,0
814,12,"Marion, OH",2.4459006400487655,0.645781347473,OH,30,0
815,3,"Medina, OH",1.8730453507117915,0.602182184423,OH,30,0
816,2,"Mercer, OH",1.7561023333170278,0.806943467042,OH,30,0
817,5,"Miami, OH",1.5154432719710391,0.705520041969,OH,30,0
818,46,"Montgomery, OH",2.620311922231545,0.48391569161700004,OH,30,0
819,2,"Ottawa, OH",4.8095458871184205,0.5698187839209999,OH,30,0
820,22,"Pickaway, OH",1.3291317512851208,0.6921138825900001,OH,30,0
821,1,"Preble, OH",0.7266427660547147,0.7509645909649999,OH,30,0
822,7,"Richland, OH",1.7048437910212655,0.666275889019,OH,30,0
823,1,"Ross, OH",1.152954283419481,0.615886720774,OH,30,0
824,4,"Sandusky, OH",9.539001169199933,0.583645556728,OH,30,0
825,2,"Seneca, OH",4.817720019385758,0.620033218347,OH,30,0
826,2,"Shelby, OH",1.4750045966209728,0.785287754219,OH,30,0
827,23,"Stark, OH",1.8515751330177552,0.5638563101340001,OH,30,0
828,20,"Summit, OH",1.8785603983951886,0.438234435078,OH,30,0
829,18,"Tuscarawas, OH",2.3493448838289464,0.6511923767710001,OH,30,0
830,2,"Union, OH",1.5160782133259199,0.663362605058,OH,30,0
831,1,"Van Wert, OH",2.88761797831655,0.760306242638,OH,30,0
832,18,"Warren, OH",2.5339358369639577,0.6647207099970001,OH,30,0
833,1,"Washington, OH",1.0138339274618178,0.686430739514,OH,30,0
834,10,"Wayne, OH",1.7978867702834629,0.651328527291,OH,30,0
835,2,"Williams, OH",4.043466595116716,0.691108749557,OH,30,0
836,9,"Wood, OH",5.224157381507982,0.509480308893,OH,30,0
837,1,"Wyandot, OH",2.594033722438392,0.706617929973,OH,30,0
838,1,"Alfalfa, OK",4.996542185338866,0.855939716312,OK,17,0
839,2,"Atoka, OK",3.4014587997400163,0.813274690124,OK,17,0
840,4,"Beaver, OK",21.737543347326156,0.888243182834,OK,17,0
841,1,"Beckham, OK",13.804207814512667,0.835037853633,OK,17,0
842,2,"Blaine, OK",9.59394497289557,0.760348009491,OK,17,0
843,12,"Bryan, OK",5.528981113431696,0.758548094374,OK,17,0
844,5,"Caddo, OK",11.69434090138936,0.693337617823,OK,17,0
845,55,"Canadian, OK",7.9107207631337255,0.72342081448,OK,17,0
846,13,"Carter, OK",6.5547084277766325,0.741973776507,OK,17,0
847,3,"Cherokee, OK",6.708517206372884,0.606053254079,OK,17,0
848,1,"Choctaw, OK",3.800411932761943,0.775419819155,OK,17,0
849,1,"Cimarron, OK",20.97840458351697,0.893221912721,OK,17,0
850,47,"Cleveland, OK",7.967831416609643,0.571401130564,OK,17,0
851,12,"Comanche, OK",12.430267371952834,0.5892505537780001,OK,17,0
852,1,"Cotton, OK",7.0768723193665455,0.789392774789,OK,17,0
853,3,"Craig, OK",3.2690866989034935,0.740567670474,OK,17,0
854,5,"Creek, OK",3.7092385557795606,0.748245674981,OK,17,0
855,6,"Custer, OK",16.708834792122538,0.7423796410600001,OK,17,0
856,1,"Delaware, OK",3.51893418289769,0.752295918367,OK,17,0
857,10,"Garfield, OK",11.291432595509034,0.737506914992,OK,17,0
858,3,"Garvin, OK",7.678636198766775,0.782736682176,OK,17,0
859,4,"Grady, OK",5.369289222500232,0.7769690434469999,OK,17,0
860,1,"Harper, OK",21.109643328929987,0.8801346801350001,OK,17,0
861,8,"Jackson, OK",22.88122486854315,0.764668203946,OK,17,0
862,5,"Kay, OK",7.280056390149346,0.724501339684,OK,17,0
863,7,"Kingfisher, OK",14.877858627858629,0.8412542871140001,OK,17,0
864,2,"Lincoln, OK",3.0629330254041567,0.774087565174,OK,17,0
865,5,"Logan, OK",5.561090079918532,0.718439940891,OK,17,0
866,1,"Love, OK",14.352989352989354,0.771058885661,OK,17,0
867,3,"Marshall, OK",16.462466571304184,0.765810096592,OK,17,0
868,7,"McClain, OK",7.635269464295309,0.780984619039,OK,17,0
869,1,"McIntosh, OK",2.524676355339517,0.691254083941,OK,17,0
870,3,"Murray, OK",5.764211136890951,0.7552941176469999,OK,17,0
871,12,"Muskogee, OK",5.727848553739688,0.621212747489,OK,17,0
872,1,"Noble, OK",3.2955536181342637,0.761190965092,OK,17,0
873,2,"Nowata, OK",2.8544243577545196,0.783809299032,OK,17,0
874,1,"Okfuskee, OK",3.832296102194563,0.709636409865,OK,17,0
875,613,"Oklahoma, OK",16.365937925821697,0.516901856299,OK,17,0
876,4,"Okmulgee, OK",3.6697014393977927,0.641051422005,OK,17,0
877,4,"Osage, OK",3.2760887256640863,0.663023967902,OK,17,0
878,2,"Ottawa, OK",5.237024545624883,0.713737600599,OK,17,0
879,9,"Payne, OK",4.466373994721899,0.599805398393,OK,17,0
880,2,"Pittsburg, OK",4.612145241135228,0.738550724638,OK,17,0
881,6,"Pontotoc, OK",4.883154947269254,0.7033886863779999,OK,17,0
882,10,"Pottawatomie, OK",4.754650528993305,0.7013416217489999,OK,17,0
883,1,"Pushmataha, OK",3.2020809041169613,0.7987954494760001,OK,17,0
884,4,"Rogers, OK",4.200288985217295,0.756550913454,OK,17,0
885,3,"Seminole, OK",4.542770538912727,0.6987051792829999,OK,17,0
886,5,"Sequoyah, OK",3.7466137770897836,0.754173304703,OK,17,0
887,4,"Stephens, OK",7.001859693934708,0.792016101979,OK,17,0
888,19,"Texas, OK",45.03930415368156,0.799688095651,OK,17,0
889,3,"Tillman, OK",25.344895545920377,0.7184035476719999,OK,17,0
890,440,"Tulsa, OK",11.820940168904597,0.583982608484,OK,17,0
891,4,"Wagoner, OK",5.473159207245045,0.735038084875,OK,17,0
892,3,"Washington, OK",5.650196562090495,0.711905619597,OK,17,0
893,2,"Washita, OK",9.470153105109238,0.832108902334,OK,17,0
894,1,"Woods, OK",6.3342465753424655,0.803547066849,OK,17,0
895,7,"Woodward, OK",11.88479939368102,0.835732206523,OK,17,0
896,8,"Benton, OR",6.975015722371506,0.285889812844,OR,9,0
897,86,"Clackamas, OR",8.229295105667056,0.434082224272,OR,9,0
898,14,"Clatsop, OR",8.16250663834307,0.429232294306,OR,9,0
899,2,"Columbia, OR",4.634907845704502,0.517087370898,OR,9,0
900,1,"Crook, OR",7.44351739008156,0.7207423956010001,OR,9,0
901,13,"Deschutes, OR",7.627639582467377,0.482060849598,OR,9,0
902,8,"Douglas, OR",5.261001164144354,0.664303797468,OR,9,0
903,14,"Hood River, OR",30.846685929428247,0.310411249157,OR,9,0
904,41,"Jackson, OR",11.880559085133418,0.51145111717,OR,9,0
905,8,"Jefferson, OR",19.82066801165658,0.601419878296,OR,9,0
906,2,"Josephine, OR",6.959066414474859,0.62380024875,OR,9,0
907,8,"Klamath, OR",11.8627361780851,0.689808481532,OR,9,0
908,1,"Lake, OR",7.59071675855879,0.786837965391,OR,9,0
909,37,"Lane, OR",8.161311005820586,0.365699832111,OR,9,0
910,4,"Lincoln, OR",8.628038984684588,0.41194091949199996,OR,9,0
911,13,"Linn, OR",8.387979509769568,0.597233389372,OR,9,0
912,7,"Malheur, OR",32.86408085581151,0.717688442211,OR,9,0
913,141,"Marion, OR",25.62085218067725,0.49037940868600005,OR,9,0
914,9,"Morrow, OR",34.674756848398324,0.676359989972,OR,9,0
915,164,"Multnomah, OR",11.125646208588357,0.17624845567699998,OR,9,0
916,5,"Polk, OR",13.039378106282657,0.495085066163,OR,9,0
917,1,"Sherman, OR",5.102639296187683,0.738555442523,OR,9,0
918,9,"Tillamook, OR",10.069661865998748,0.489103385868,OR,9,0
919,50,"Umatilla, OR",25.588258337468332,0.6423265431149999,OR,9,0
920,2,"Union, OR",4.390868856277661,0.672121941436,OR,9,0
921,12,"Wasco, OR",16.716685504930428,0.508488134388,OR,9,0
922,172,"Washington, OR",16.219986952390407,0.327120163424,OR,9,0
923,72,"Yamhill, OR",15.426005458974535,0.5006871176519999,OR,9,0
924,55,"Allegheny, PA",1.8900972073214344,0.40034018840999996,PA,36,0
925,3,"Armstrong, PA",0.67543547813722,0.7447940616169999,PA,36,0
926,6,"Beaver, PA",1.4237167932389705,0.583038109216,PA,36,0
927,1,"Bedford, PA",1.115614509129616,0.827731449966,PA,36,0
928,61,"Berks, PA",18.82312598255964,0.529141609922,PA,36,0
929,3,"Blair, PA",1.135668734166157,0.715447154472,PA,36,0
930,2,"Bradford, PA",1.4334713952886358,0.706996338439,PA,36,0
931,80,"Bucks, PA",4.854364280923637,0.47836075336,PA,36,0
932,4,"Butler, PA",1.312011356426167,0.66706510046,PA,36,0
933,10,"Cambria, PA",1.5258198922779866,0.673292668739,PA,36,0
934,503,"Centre, PA",2.75791880787546,0.465541024485,PA,36,0
935,141,"Chester, PA",7.062309092471505,0.43348072473099997,PA,36,0
936,5,"Clearfield, PA",2.844647037082666,0.7313410008560001,PA,36,0
937,4,"Clinton, PA",1.3582557668959934,0.653750252712,PA,36,0
938,2,"Columbia, PA",2.523512849697478,0.640948132857,PA,36,0
939,20,"Cumberland, PA",3.396517359886482,0.570523516529,PA,36,0
940,121,"Dauphin, PA",8.241960273861789,0.465734480639,PA,36,0
941,63,"Delaware, PA",3.472780429509386,0.37411175710600003,PA,36,0
942,6,"Erie, PA",3.8848864161528733,0.487615148414,PA,36,0
943,2,"Fayette, PA",1.0318187574965172,0.6436566465770001,PA,36,0
944,2,"Forest, PA",7.540371012945416,0.70058381985,PA,36,0
945,29,"Franklin, PA",5.058052348615322,0.714600908501,PA,36,0
946,1,"Fulton, PA",1.0782774858390773,0.84176182708,PA,36,0
947,1,"Greene, PA",1.4229207040271843,0.6950183884990001,PA,36,0
948,4,"Indiana, PA",1.264130024802551,0.660517387617,PA,36,0
949,3,"Juniata, PA",3.087340292612148,0.791578542588,PA,36,0
950,36,"Lackawanna, PA",6.320009764983146,0.46819155148900005,PA,36,0
951,27,"Lancaster, PA",9.769653542420889,0.573466136458,PA,36,0
952,1,"Lawrence, PA",1.2459334899692753,0.624411293305,PA,36,0
953,7,"Lebanon, PA",11.688207374954363,0.658744440295,PA,36,0
954,53,"Lehigh, PA",21.828245891770163,0.45928602701399995,PA,36,0
955,47,"Luzerne, PA",9.343183336103124,0.583947985022,PA,36,0
956,3,"Lycoming, PA",1.7839794348009252,0.70535252714,PA,36,0
957,34,"McKean, PA",2.0817198244502335,0.716606730028,PA,36,0
958,3,"Mercer, PA",1.321139984991012,0.6055974513050001,PA,36,0
959,6,"Monroe, PA",14.644041022940776,0.48080189251500005,PA,36,0
960,137,"Montgomery, PA",4.731111100216209,0.376157047316,PA,36,0
961,19,"Northampton, PA",12.077066418208439,0.49997548590400004,PA,36,0
962,8,"Northumberland, PA",3.0473341168928303,0.6982356809929999,PA,36,0
963,215,"Philadelphia, PA",13.767854876283545,0.154974736375,PA,36,0
964,5,"Pike, PA",10.064045543497599,0.6151691859130001,PA,36,0
965,11,"Schuylkill, PA",3.5868676247225144,0.70019123506,PA,36,0
966,1,"Snyder, PA",2.146797197236993,0.7169534072120001,PA,36,0
967,2,"Somerset, PA",1.33987742943006,0.7653792331370001,PA,36,0
968,3,"Susquehanna, PA",1.7044367947982406,0.692447916667,PA,36,0
969,2,"Tioga, PA",1.244319668815874,0.745817468559,PA,36,0
970,20,"Union, PA",5.693036433662401,0.609482758621,PA,36,0
971,1,"Venango, PA",1.0606060606060608,0.6903511947859999,PA,36,0
972,2,"Washington, PA",1.5043045292386288,0.607983908402,PA,36,0
973,43,"Wayne, PA",4.054027715516401,0.6827185334229999,PA,36,0
974,3,"Westmoreland, PA",1.0643419027928889,0.640623968306,PA,36,0
975,2,"Wyoming, PA",1.7801608579088473,0.674424222902,PA,36,0
976,34,"York, PA",6.649735363274051,0.624814794761,PA,36,0
977,9,"Kent, RI",4.088885654330872,0.478611135511,RI,36,0
978,7,"Newport, RI",5.3292066639263,0.37662533638499995,RI,36,0
979,77,"Providence, RI",20.958621607237895,0.37350817557,RI,36,0
980,2,"Washington, RI",2.891093184714889,0.421976309227,RI,36,0
981,15,"Aiken, SC",5.404308914536228,0.614941222099,SC,15,0
982,9,"Anderson, SC",3.398907160537391,0.698777025007,SC,15,0
983,75,"Beaufort, SC",11.279632206986243,0.549484677752,SC,15,0
984,117,"Berkeley, SC",6.090988090274813,0.560359355795,SC,15,0
985,280,"Charleston, SC",5.010074263212784,0.427824850725,SC,15,0
986,7,"Cherokee, SC",4.032057433272914,0.697113174589,SC,15,0
987,20,"Chester, SC",1.8128564821951596,0.512040557668,SC,15,0
988,5,"Chesterfield, SC",4.09044550050995,0.5590845399350001,SC,15,0
989,4,"Colleton, SC",2.964312110653574,0.527131333063,SC,15,0
990,1,"Darlington, SC",1.8422491098996883,0.505230125523,SC,15,0
991,5,"Dillon, SC",2.657244268218591,0.48195964432300004,SC,15,0
992,8,"Dorchester, SC",4.882942693429035,0.559243071899,SC,15,0
993,90,"Edgefield, SC",5.676822798241625,0.587598763312,SC,15,0
994,1,"Fairfield, SC",1.941368078175896,0.357625311056,SC,15,0
995,58,"Florence, SC",2.411690420349991,0.510611043794,SC,15,0
996,4,"Georgetown, SC",3.0409183606341688,0.549953996002,SC,15,0
997,249,"Greenville, SC",8.691576574427975,0.593627701208,SC,15,0
998,9,"Greenwood, SC",5.782687711967487,0.590244755245,SC,15,0
999,45,"Hampton, SC",2.1629877808435163,0.396065499204,SC,15,0
1000,98,"Horry, SC",5.967685025531093,0.6732287575399999,SC,15,0
1001,43,"Jasper, SC",13.433384830427425,0.42909397861599996,SC,15,0
1002,12,"Kershaw, SC",4.108416547788873,0.604813852814,SC,15,0
1003,8,"Lancaster, SC",4.936442702857689,0.609499702973,SC,15,0
1004,6,"Laurens, SC",4.321061978868788,0.633451688449,SC,15,0
1005,67,"Lexington, SC",5.640578749882968,0.6555582004280001,SC,15,0
1006,1,"Marion, SC",2.6426896012509773,0.382218470845,SC,15,0
1007,14,"Marlboro, SC",3.321059851274276,0.41118516372100006,SC,15,0
1008,21,"Newberry, SC",7.258278145695364,0.596070259006,SC,15,0
1009,7,"Oconee, SC",4.908789386401327,0.718640023859,SC,15,0
1010,20,"Orangeburg, SC",2.017140118799523,0.306743251597,SC,15,0
1011,11,"Pickens, SC",3.4161130531303328,0.7385975322789999,SC,15,0
1012,129,"Richland, SC",4.970590651237234,0.311410861865,SC,15,0
1013,10,"Saluda, SC",14.8858946949734,0.645519336371,SC,15,0
1014,45,"Spartanburg, SC",6.3270445809216636,0.630011672862,SC,15,0
1015,5,"Sumter, SC",3.695139391913226,0.42528605158,SC,15,0
1016,47,"Williamsburg, SC",2.2580448561677233,0.323144394976,SC,15,0
1017,43,"York, SC",4.983591606068256,0.5840423187129999,SC,15,0
1018,18,"Beadle, SD",8.983751032773341,0.657855877141,SD,5,0
1019,9,"Brookings, SD",2.4734559593240615,0.532176656151,SD,5,0
1020,2,"Brown, SD",2.417382253447827,0.596599019425,SD,5,0
1021,1,"Brule, SD",2.33433734939759,0.684003496503,SD,5,0
1022,11,"Codington, SD",2.0655526070429606,0.665352643757,SD,5,0
1023,1,"Corson, SD",0.671462829736211,0.500425531915,SD,5,0
1024,2,"Davison, SD",2.385996771589992,0.648516096579,SD,5,0
1025,1,"Deuel, SD",0.6962172197725691,0.656730769231,SD,5,0
1026,2,"Fall River, SD",3.695082921152167,0.704743193938,SD,5,0
1027,2,"Grant, SD",3.043780403057679,0.668444693992,SD,5,0
1028,2,"Hamlin, SD",3.519599666388657,0.742577842143,SD,5,0
1029,3,"Hughes, SD",2.951250142710355,0.63306007586,SD,5,0
1030,1,"Jerauld, SD",2.5135534746180386,0.670113753878,SD,5,0
1031,2,"Kingsbury, SD",2.22879684418146,0.658565268522,SD,5,0
1032,3,"Lake, SD",2.3274673586894816,0.595048629531,SD,5,0
1033,1,"Lawrence, SD",3.12160585703367,0.625823340652,SD,5,0
1034,1,"Lincoln, SD",1.770565802786209,0.614284015695,SD,5,0
1035,7,"Marshall, SD",4.3854100780096985,0.542372881356,SD,5,0
1036,3,"Meade, SD",4.076005961251862,0.726357456329,SD,5,0
1037,53,"Minnehaha, SD",4.67656334128144,0.537201487293,SD,5,0
1038,2,"Moody, SD",3.180760279286268,0.590102389078,SD,5,0
1039,17,"Pennington, SD",4.786668903427836,0.6242852055879999,SD,5,0
1040,2,"Stanley, SD",2.4628879892037787,0.732610082961,SD,5,0
1041,2,"Union, SD",2.9039213044064143,0.669791006966,SD,5,0
1042,1,"Walworth, SD",1.7154207295052366,0.765442067017,SD,5,0
1043,5,"Yankton, SD",3.4924279217625505,0.587978369384,SD,5,0
1044,9,"Anderson, TN",2.52564696538487,0.7795937703560001,TX,74,1
1045,24,"Bedford, TN",11.471800738166671,0.748692810458,TN,46,0
1046,3,"Bledsoe, TN",2.096212605698856,0.778709677419,TN,46,0
1047,19,"Blount, TN",3.02713325725878,0.7210360855560001,TN,46,0
1048,14,"Bradley, TN",5.569706397044526,0.775187539071,TN,46,0
1049,3,"Campbell, TN",1.2097580483903219,0.788547664747,TN,46,0
1050,1,"Carroll, TN",2.3612626244853434,0.7481854253360001,TN,46,0
1051,2,"Carter, TN",1.6470629728252244,0.8048873434,TN,46,0
1052,3,"Cheatham, TN",2.640555906506633,0.7138342918539999,TN,46,0
1053,1,"Claiborne, TN",1.1135295416548374,0.8022604147210001,TN,46,0
1054,5,"Cocke, TN",2.0847515316541867,0.808638916419,TN,46,0
1055,8,"Coffee, TN",4.010556051144811,0.7242523247050001,TN,46,0
1056,5,"Crockett, TN",9.939552136282456,0.738395841069,TN,46,0
1057,2,"Cumberland, TN",2.7290785041886174,0.776104646741,TN,46,0
1058,569,"Davidson, TN",9.950964612171257,0.34266995398,TN,46,0
1059,2,"Decatur, TN",3.110313594804751,0.782171728206,TN,46,0
1060,10,"Dickson, TN",3.143777245414916,0.7096514313339999,TN,46,0
1061,8,"Franklin, TN",2.9433104382315953,0.7043940597689999,TN,46,0
1062,6,"Gibson, TN",2.462079133929834,0.707195647711,TN,46,0
1063,1,"Giles, TN",2.0872081008472825,0.71618705036,TN,46,0
1064,3,"Grainger, TN",2.8667864813921886,0.828804007514,TN,46,0
1065,7,"Greene, TN",2.6641557910717935,0.78915329275,TN,46,0
1066,48,"Hamblen, TN",11.175102447668623,0.769668108266,TN,46,0
1067,122,"Hamilton, TN",5.070522765118629,0.557531469721,TN,46,0
1068,1,"Hardeman, TN",1.6477382098171316,0.531486691192,TN,46,0
1069,3,"Hawkins, TN",1.341771704350593,0.802696433749,TN,46,0
1070,1,"Haywood, TN",4.225274422196481,0.441090269637,TN,46,0
1071,5,"Henry, TN",2.2018519092007063,0.7358578412350001,TN,46,0
1072,2,"Hickman, TN",2.2019710527400935,0.732414326205,TN,46,0
1073,1,"Humphreys, TN",2.124505928853755,0.690292758089,TN,46,0
1074,12,"Jefferson, TN",3.3622826436585873,0.7770875013160001,TN,46,0
1075,2,"Johnson, TN",1.802153657311834,0.8236729713240001,TN,46,0
1076,106,"Knox, TN",3.8381039083906785,0.589760467685,TN,46,0
1077,1,"Lake, TN",2.119586549784116,0.68883248731,TN,46,0
1078,4,"Lauderdale, TN",2.3806903635229815,0.562802489053,TN,46,0
1079,6,"Lawrence, TN",1.9030325897278686,0.7931408864480001,TN,46,0
1080,3,"Lincoln, TN",3.120719433029599,0.781838733986,TN,46,0
1081,19,"Loudon, TN",7.919110531824555,0.754720219705,TN,46,0
1082,9,"Macon, TN",4.820275693596231,0.835781041389,TN,46,0
1083,20,"Madison, TN",3.592246861242459,0.564585319352,TN,46,0
1084,8,"Marion, TN",1.6606141804463563,0.709010339734,TN,46,0
1085,6,"Marshall, TN",4.828466570927079,0.716277845992,TN,46,0
1086,7,"Maury, TN",5.312066412489652,0.678139614463,TN,46,0
1087,4,"McMinn, TN",3.558529445310421,0.784904247352,TN,46,0
1088,1,"Monroe, TN",3.9026428037465375,0.783636363636,TN,46,0
1089,30,"Montgomery, TN",9.488743285769258,0.564265512064,TN,46,0
1090,1,"Moore, TN",0.31675641431738993,0.794600136705,TN,46,0
1091,2,"Morgan, TN",1.1434894872740686,0.8146758703479999,TN,46,0
1092,8,"Obion, TN",3.7896440129449838,0.779268591999,TN,46,0
1093,22,"Putnam, TN",5.797567379306649,0.7040952592919999,TN,46,0
1094,10,"Rhea, TN",4.426850682357291,0.790243011146,TN,46,0
1095,1,"Roane, TN",1.6288243398826039,0.735078776645,TN,46,0
1096,28,"Robertson, TN",6.133568956630587,0.717143702389,TN,46,0
1097,74,"Rutherford, TN",7.156661120469601,0.604855517377,TN,46,0
1098,8,"Sequatchie, TN",3.3922501699524132,0.7824245632610001,TN,46,0
1099,51,"Sevier, TN",5.426446788030083,0.790768380321,TN,46,0
1100,307,"Shelby, TN",5.951290835547871,0.34637393366499997,TN,46,0
1101,4,"Smith, TN",2.466624947851481,0.7402159244259999,TN,46,0
1102,12,"Sullivan, TN",1.7038635377033273,0.761393250919,TN,46,0
1103,59,"Sumner, TN",4.340629449145186,0.704909960608,TN,46,0
1104,1,"Tipton, TN",2.556938172130349,0.7227879513950001,TN,46,0
1105,2,"Trousdale, TN",0.41405269761606023,0.668045830681,TN,46,0
1106,3,"Unicoi, TN",4.274171078294789,0.790678202623,TN,46,0
1107,1,"Van Buren, TN",0.9040950186137211,0.752999586264,TN,46,0
1108,27,"Warren, TN",8.484002094815333,0.70291190564,TN,46,0
1109,30,"Washington, TN",3.183015454920504,0.691728562466,TN,46,0
1110,2,"Wayne, TN",1.8525115781973638,0.861691201643,TN,46,0
1111,2,"Weakley, TN",2.1778744415706557,0.7422280860889999,TN,46,0
1112,20,"Williamson, TN",4.6259330399474825,0.65100286533,TN,46,0
1113,16,"Wilson, TN",3.6778754298815435,0.69829087162,TN,46,0
1114,72,"Andrews, TX",54.371187917513794,0.796792529436,TX,74,1
1115,21,"Angelina, TX",21.11069281403653,0.7253431536660001,TX,74,1
1116,9,"Aransas, TX",26.268753285616082,0.7385115123720001,TX,74,1
1117,3,"Archer, TX",8.251428571428573,0.886624502225,TX,74,1
1118,3,"Armstrong, TX",12.702561421850497,0.908554572271,TX,74,1
1119,23,"Atascosa, TX",63.07692307692307,0.63197353914,TX,74,1
1120,20,"Austin, TX",25.50245645377401,0.7863729090170001,TX,74,1
1121,26,"Bailey, TX",61.71644930584771,0.7528026905830001,TX,74,1
1122,6,"Bandera, TX",17.692124672852724,0.79888377558,TX,74,1
1123,140,"Bastrop, TX",35.16337531614848,0.577486725664,TX,74,1
1124,1,"Baylor, TX",8.353943391041495,0.849195710456,TX,74,1
1125,6,"Bee, TX",57.909863633584045,0.560770867817,TX,74,1
1126,69,"Bell, TX",23.538425734225154,0.55085692401,TX,74,1
1127,956,"Bexar, TX",59.46309757523945,0.40980448366800004,TX,74,1
1128,5,"Blanco, TX",18.877083714966112,0.742988181337,TX,74,1
1129,1,"Borden, TX",4.7277936962750715,0.904109589041,TX,74,1
1130,3,"Bosque, TX",16.983233999888597,0.8112094395280001,TX,74,1
1131,10,"Bowie, TX",7.226982446006226,0.722744415434,TX,74,1
1132,118,"Brazoria, TX",29.23210576238332,0.6039519186010001,TX,74,1
1133,129,"Brazos, TX",24.614094599230093,0.585468532316,TX,74,1
1134,237,"Brewster, TX",43.970396168915975,0.49053478466600003,TX,74,1
1135,6,"Brooks, TX",94.48524317583484,0.236132511556,TX,74,1
1136,12,"Brown, TX",21.00171345722947,0.860993619614,TX,74,1
1137,9,"Burleson, TX",19.882873055061147,0.7654427645790001,TX,74,1
1138,13,"Burnet, TX",21.50771577247443,0.766302635724,TX,74,1
1139,32,"Caldwell, TX",49.821822927123065,0.556495003843,TX,74,1
1140,7,"Calhoun, TX",47.84223801880303,0.666666666667,TX,74,1
1141,1,"Callahan, TX",8.921741688731979,0.874370050396,TX,74,1
1142,1368,"Cameron, TX",88.99196485069905,0.32059605246,TX,74,1
1143,12,"Camp, TX",23.664001266724725,0.704755614267,TX,74,1
1144,11,"Carson, TX",9.556993529118966,0.8886247877760001,TX,74,1
1145,2,"Cass, TX",4.234495485401701,0.791142512494,TX,74,1
1146,12,"Castro, TX",62.86984126984127,0.707915831663,TX,74,1
1147,21,"Chambers, TX",21.136268123555368,0.796950963328,TX,74,1
1148,14,"Cherokee, TX",22.10039604346723,0.772169331178,TX,74,1
1149,4,"Childress, TX",20.28615951267885,0.864683301344,TX,74,1
1150,3,"Clay, TX",5.507861483553583,0.8732787866689999,TX,74,1
1151,5,"Cochran, TX",56.81895093062606,0.7536071032189999,TX,74,1
1152,1,"Coleman, TX",17.284096271826332,0.874002751032,TX,74,1
1153,419,"Collin, TX",14.983087703706044,0.562046866454,TX,74,1
1154,12,"Colorado, TX",28.155059638322435,0.745636792453,TX,74,1
1155,58,"Comal, TX",26.358323808297246,0.730846070135,TX,74,1
1156,8,"Comanche, TX",26.92877239745298,0.825652841782,TX,74,1
1157,1224,"Concho, TX",55.456301303718014,0.829428303655,TX,74,1
1158,25,"Cooke, TX",16.924738926899533,0.8288662388320001,TX,74,1
1159,2,"Coryell, TX",17.53533218861445,0.6736911789040001,TX,74,1
1160,1,"Cottle, TX",28.589743589743588,0.8336192109780001,TX,74,1
1161,1,"Crane, TX",61.434791623470865,0.758146270818,TX,74,1
1162,3,"Crockett, TX",63.112617309697605,0.702508960573,TX,74,1
1163,1,"Crosby, TX",54.300985468515115,0.689252336449,TX,74,1
1164,2,"Culberson, TX",78.08764940239044,0.367454068241,TX,74,1
1165,11,"Dallam, TX",42.64038570618264,0.819543973941,TX,74,1
1166,3164,"Dallas, TX",39.30870566251262,0.34885146053599997,TX,74,1
1167,1,"Dawson, TX",55.57558008560487,0.7400336889390001,TX,74,1
1168,4,"DeWitt, TX",33.96418199419167,0.807681031955,TX,74,1
1169,55,"Deaf Smith, TX",70.68648563474973,0.692930254701,TX,74,1
1170,367,"Denton, TX",18.898694759159877,0.576824066529,TX,74,1
1171,8,"Dimmit, TX",86.14646744143147,0.302015503876,TX,74,1
1172,1,"Donley, TX",10.353679406731318,0.83904109589,TX,74,1
1173,10,"Duval, TX",89.10512597741095,0.316422216879,TX,74,1
1174,13,"Eastland, TX",15.625684856454086,0.866330209084,TX,74,1
1175,63,"Ector, TX",57.692734548920534,0.6866631842300001,TX,74,1
1176,8307,"El Paso, TX",81.7796955824912,0.25927738551199997,TX,74,1
1177,86,"Ellis, TX",25.048525511000157,0.7105004439929999,TX,74,1
1178,17,"Erath, TX",20.218498560566918,0.8113685734970001,TX,74,1
1179,5,"Falls, TX",22.513756154068925,0.657110091743,TX,74,1
1180,6,"Fannin, TX",10.415617501555232,0.7965252255259999,TX,74,1
1181,14,"Fayette, TX",19.884379140069854,0.784114606945,TX,74,1
1182,2,"Floyd, TX",57.14520367936925,0.7522982635340001,TX,74,1
1183,161,"Fort Bend, TX",23.994670613493703,0.45017993831799996,TX,74,1
1184,4,"Franklin, TX",13.66947308674676,0.8225436179979999,TX,74,1
1185,13,"Freestone, TX",14.408986469236662,0.7879863301790001,TX,74,1
1186,12,"Frio, TX",78.35184985438464,0.45918747670500004,TX,74,1
1187,12,"Gaines, TX",39.73312804721581,0.847689303537,TX,74,1
1188,131,"Galveston, TX",23.556290443105393,0.593302901753,TX,74,1
1189,2497,"Garza, TX",55.216208043544,0.829152542373,TX,74,1
1190,15,"Gillespie, TX",21.81330638893207,0.795930808504,TX,74,1
1191,8,"Goliad, TX",35.294117647058826,0.705090223539,TX,74,1
1192,52,"Gonzales, TX",49.62199312714777,0.72652284264,TX,74,1
1193,17,"Gray, TX",27.357998957790514,0.8824728260870001,TX,74,1
1194,63,"Grayson, TX",12.360843911745055,0.749426361859,TX,74,1
1195,82,"Gregg, TX",17.865399122344524,0.693654055361,TX,74,1
1196,11,"Grimes, TX",23.02873986735446,0.741498740554,TX,74,1
1197,28,"Guadalupe, TX",36.93631926578102,0.637801468018,TX,74,1
1198,12,"Hale, TX",58.35404347701888,0.721086116792,TX,74,1
1199,1,"Hall, TX",33.99746995572423,0.8181818181820001,TX,74,1
1200,5,"Hansford, TX",45.64121037463977,0.8885464817669999,TX,74,1
1201,3,"Hardeman, TX",23.051619433198383,0.7988087359360001,TX,74,1
1202,2,"Hardin, TX",5.175823385588955,0.8608573436399999,TX,74,1
1203,5316,"Harris, TX",41.84701067168638,0.41827111637500003,TX,74,1
1204,34,"Harrison, TX",12.333097499661303,0.709755727507,TX,74,1
1205,4,"Hartley, TX",25.39389875963795,0.887917737789,TX,74,1
1206,2,"Haskell, TX",26.54852030282175,0.794900849858,TX,74,1
1207,44,"Hays, TX",37.06903051387827,0.471589955819,TX,74,1
1208,5,"Hemphill, TX",34.8349795230065,0.8654416123299999,TX,74,1
1209,13,"Henderson, TX",11.7556461691894,0.7896164796520001,TX,74,1
1210,3515,"Hidalgo, TX",91.47578150842534,0.280987340309,TX,74,1
1211,28,"Hill, TX",19.583966075470617,0.7806446613979999,TX,74,1
1212,12,"Hockley, TX",46.383197159601316,0.7955232079100001,TX,74,1
1213,5,"Hood, TX",11.634727115111497,0.818032159265,TX,74,1
1214,12,"Hopkins, TX",15.991518803704944,0.794300979519,TX,74,1
1215,7,"Houston, TX",10.560477151127094,0.7474102625869999,TX,74,1
1216,5711,"Howard, TX",40.51560826950004,0.7633456051540001,TX,74,1
1217,4,"Hudspeth, TX",78.3970123527722,0.577497129736,TX,74,1
1218,27,"Hunt, TX",14.840346701396687,0.76530383197,TX,74,1
1219,8,"Hutchinson, TX",22.174272334955468,0.8662318483879999,TX,74,1
1220,1,"Irion, TX",23.237277743715513,0.868421052632,TX,74,1
1221,20,"Jackson, TX",31.611936231094155,0.808720379147,TX,74,1
1222,1,"Jeff Davis, TX",35.88473660513282,0.590638297872,TX,74,1
1223,167,"Jefferson, TX",18.958232045945937,0.490230417911,TX,74,1
1224,5,"Jim Hogg, TX",90.09198926791873,0.202925908447,TX,74,1
1225,3,"Jim Wells, TX",79.92816853878418,0.43827960473000005,TX,74,1
1226,58,"Johnson, TX",19.7627329507947,0.774751178628,TX,74,1
1227,3,"Jones, TX",26.84516646610509,0.81169925826,TX,74,1
1228,7,"Karnes, TX",52.17565403096637,0.7070489844679999,TX,74,1
1229,36,"Kaufman, TX",19.161226862201556,0.7207838161010001,TX,74,1
1230,18,"Kendall, TX",22.384004101512435,0.7856641252009999,TX,74,1
1231,2,"Kenedy, TX",71.14695340501792,0.451612903226,TX,74,1
1232,23,"Kerr, TX",25.67270567270567,0.764746643569,TX,74,1
1233,3,"Kimble, TX",22.61396811138558,0.872493573265,TX,74,1
1234,1,"Kinney, TX",62.52096143096703,0.657303370787,TX,74,1
1235,13,"Kleberg, TX",71.94842676537942,0.460191922387,TX,74,1
1236,1,"Knox, TX",32.440241660099815,0.79381443299,TX,74,1
1237,3,"La Salle, TX",83.65896980461812,0.424597364568,TX,74,1
1238,11,"Lamar, TX",7.23209607866844,0.784700868533,TX,74,1
1239,6,"Lamb, TX",53.96357200796401,0.778489116517,TX,74,1
1240,13,"Lampasas, TX",18.70609618313111,0.781813719475,TX,74,1
1241,7,"Lavaca, TX",17.726671415487942,0.8501100428589999,TX,74,1
1242,8,"Lee, TX",23.11686761370419,0.766022692426,TX,74,1
1243,11,"Leon, TX",13.975063523016013,0.862832455785,TX,74,1
1244,50,"Liberty, TX",20.715539835619225,0.780625129373,TX,74,1
1245,31,"Limestone, TX",20.79764796114023,0.7514382845190001,TX,74,1
1246,376,"Live Oak, TX",37.92585170340681,0.808530583548,TX,74,1
1247,4,"Llano, TX",9.55972278842234,0.798207574443,TX,74,1
1248,87,"Lubbock, TX",33.88839494777421,0.6686314501330001,TX,74,1
1249,6,"Madison, TX",22.184497580004333,0.781928554751,TX,74,1
1250,2,"Marion, TX",3.8269060936120107,0.705658582977,TX,74,1
1251,1,"Mason, TX",24.926181102362204,0.806624452021,TX,74,1
1252,9,"Matagorda, TX",40.65197853972058,0.691654639613,TX,74,1
1253,70,"Maverick, TX",95.44606721801865,0.20724168383900002,TX,74,1
1254,2,"McCulloch, TX",30.951225430720697,0.8250162022030001,TX,74,1
1255,116,"McLennan, TX",25.128392647312587,0.616510127148,TX,74,1
1256,10,"Medina, TX",50.84933222036728,0.7013440390989999,TX,74,1
1257,91,"Midland, TX",42.26496467009376,0.7567944536750001,TX,74,1
1258,6,"Milam, TX",25.26669949121943,0.736609736261,TX,74,1
1259,6,"Montague, TX",10.426124638877425,0.8747094374709999,TX,74,1
1260,411,"Montgomery, TX",22.439862079333295,0.7395399910379999,TX,74,1
1261,26,"Moore, TX",53.308392680068515,0.755226149753,TX,74,1
1262,2,"Morris, TX",8.756816565241445,0.6935938759070001,TX,74,1
1263,42,"Nacogdoches, TX",18.66800903044725,0.657646009808,TX,74,1
1264,51,"Navarro, TX",25.62841189779355,0.731534611159,TX,74,1
1265,1,"Newton, TX",3.3880322535012026,0.738403990025,TX,74,1
1266,4,"Nolan, TX",35.81940467470201,0.7485244519390001,TX,74,1
1267,208,"Nueces, TX",62.550925444306046,0.487735431617,TX,74,1
1268,20,"Ochiltree, TX",52.16034792474237,0.8815833612880001,TX,74,1
1269,1,"Oldham, TX",16.191396810053167,0.899470899471,TX,74,1
1270,14,"Orange, TX",6.81663502525343,0.799250653317,TX,74,1
1271,12,"Palo Pinto, TX",19.590287228708544,0.8080589680589999,TX,74,1
1272,8,"Panola, TX",8.518783391527492,0.8110054739270001,TX,74,1
1273,49,"Parker, TX",11.155249552997144,0.82309042242,TX,74,1
1274,37,"Parmer, TX",61.757887309747005,0.678140525195,TX,74,1
1275,10,"Pecos, TX",68.17262732212814,0.591072714183,TX,74,1
1276,13,"Polk, TX",14.284180924371551,0.77189060504,TX,74,1
1277,98,"Potter, TX",37.1561251364013,0.688280974232,TX,74,1
1278,11,"Presidio, TX",81.7889137737962,0.295960054471,TX,74,1
1279,1,"Rains, TX",8.406241544150808,0.846436285097,TX,74,1
1280,9,"Randall, TX",19.393793301866985,0.8061063311839999,TX,74,1
1281,10,"Reagan, TX",65.98620689655172,0.787777777778,TX,74,1
1282,1,"Real, TX",19.65352449223417,0.823599523242,TX,74,1
1283,3,"Red River, TX",7.193898032918507,0.762385855838,TX,74,1
1284,7662,"Reeves, TX",74.80953040587339,0.445037688442,TX,74,1
1285,11,"Refugio, TX",49.32330827067669,0.621392190153,TX,74,1
1286,4,"Robertson, TX",19.791981616980106,0.66547788873,TX,74,1
1287,40,"Rockwall, TX",16.72537211680491,0.718358673379,TX,74,1
1288,2,"Runnels, TX",33.474209970223804,0.8608233731739999,TX,74,1
1289,19,"Rusk, TX",15.863676523112206,0.772612403917,TX,74,1
1290,1,"Sabine, TX",3.8391048519340214,0.8599741490739999,TX,74,1
1291,4,"San Jacinto, TX",12.295745620491683,0.781174187288,TX,74,1
1292,15,"San Patricio, TX",56.108895751506616,0.604471714777,TX,74,1
1293,3,"San Saba, TX",29.19571501445332,0.860237892948,TX,74,1
1294,1,"Schleicher, TX",50.96184169031851,0.777039848197,TX,74,1
1295,12,"Scurry, TX",39.17638904932424,0.836913134385,TX,74,1
1296,7,"Shelby, TX",17.595798482785447,0.7904541446209999,TX,74,1
1297,4,"Sherman, TX",42.03323558162268,0.864951768489,TX,74,1
1298,122,"Smith, TX",18.581082618489614,0.705030002044,TX,74,1
1299,489,"Starr, TX",98.9588623666836,0.189718586947,TX,74,1
1300,2,"Stephens, TX",23.337079799734344,0.8783666377060001,TX,74,1
1301,3,"Sutton, TX",58.358739837398375,0.759717314488,TX,74,1
1302,1351,"Tarrant, TX",27.827416177114696,0.521524307819,TX,74,1
1303,25,"Taylor, TX",23.392046378869217,0.732823752927,TX,74,1
1304,6,"Terrell, TX",69.66580976863753,0.656750572082,TX,74,1
1305,6,"Terry, TX",53.13580635020434,0.734543391946,TX,74,1
1306,29,"Titus, TX",41.47643593519882,0.6980165649519999,TX,74,1
1307,39,"Tom Green, TX",38.06251290167206,0.718454755406,TX,74,1
1308,1527,"Travis, TX",33.736726773595684,0.274047536167,TX,74,1
1309,2,"Trinity, TX",9.066852367688021,0.791875626881,TX,74,1
1310,9,"Upshur, TX",7.670926914009183,0.829124261842,TX,74,1
1311,2,"Upton, TX",52.460431654676256,0.741512345679,TX,74,1
1312,4,"Uvalde, TX",70.44538902236187,0.540286481647,TX,74,1
1313,296,"Val Verde, TX",80.917686545782,0.434550311665,TX,74,1
1314,23,"Van Zandt, TX",10.01695873374788,0.8500161372120001,TX,74,1
1315,30,"Victoria, TX",45.469232544593304,0.684873678783,TX,74,1
1316,1137,"Walker, TX",17.608614821382602,0.654270182391,TX,74,1
1317,33,"Waller, TX",29.027184424748665,0.6296739455579999,TX,74,1
1318,2,"Ward, TX",51.386451386451384,0.744506299443,TX,74,1
1319,8,"Washington, TX",15.0764242704956,0.742117040754,TX,74,1
1320,1108,"Webb, TX",95.47980120749156,0.22765399968299999,TX,74,1
1321,38,"Wharton, TX",39.63796311960751,0.690079553954,TX,74,1
1322,6,"Wheeler, TX",26.462247429989365,0.905030355594,TX,74,1
1323,28,"Wichita, TX",18.17053606562339,0.728219871812,TX,74,1
1324,1,"Wilbarger, TX",28.052982160630886,0.772006827603,TX,74,1
1325,2577,"Willacy, TX",87.81443674808604,0.303227075954,TX,74,1
1326,133,"Williamson, TX",23.83580741879136,0.518785781253,TX,74,1
1327,13,"Wilson, TX",38.75419860477134,0.7266164632559999,TX,74,1
1328,10,"Winkler, TX",58.47468600284863,0.7490656700480001,TX,74,1
1329,18,"Wise, TX",18.40100500893878,0.837557276672,TX,74,1
1330,6,"Wood, TX",9.400898189731006,0.84098466159,TX,74,1
1331,9,"Yoakum, TX",63.55218855218855,0.7816441931270001,TX,74,1
1332,2,"Young, TX",17.66894664842681,0.860146252285,TX,74,1
1333,90,"Zapata, TX",94.11928845483082,0.32801531589,TX,74,1
1334,8,"Box Elder, UT",8.969880453345754,0.623882040126,UT,8,0
1335,23,"Cache, UT",10.331246212886287,0.463864656206,UT,8,0
1336,5,"Carbon, UT",13.138474895094776,0.662829368125,UT,8,0
1337,21,"Davis, UT",9.065510246225235,0.448925578773,UT,8,0
1338,10,"Duchesne, UT",7.8643291164458615,0.794143104443,UT,8,0
1339,4,"Emery, UT",6.206244087038789,0.7980295566500001,UT,8,0
1340,1,"Garfield, UT",5.577689243027888,0.687445510026,UT,8,0
1341,4,"Grand, UT",9.86423419601188,0.43402154398599996,UT,8,0
1342,18,"Iron, UT",8.253230298841908,0.6529243193959999,UT,8,0
1343,11,"Juab, UT",4.4922432663938325,0.676889106968,UT,8,0
1344,13,"Kane, UT",4.476164079822617,0.645605973578,UT,8,0
1345,7,"Millard, UT",12.76578863852745,0.737485670615,UT,8,0
1346,1158,"Salt Lake, UT",17.735909156645473,0.326281939521,UT,8,0
1347,10,"Sevier, UT",4.882130732080523,0.7769619643719999,UT,8,0
1348,47,"Summit, UT",11.505037299084826,0.35563502706999994,UT,8,0
1349,8,"Tooele, UT",11.87848869099474,0.512721502248,UT,8,0
1350,9,"Uintah, UT",8.122176930703978,0.766591632384,UT,8,0
1351,36,"Utah, UT",11.15235112384943,0.513055755622,UT,8,0
1352,17,"Wasatch, UT",13.29987452948557,0.504537953795,UT,8,0
1353,51,"Washington, UT",9.920439065800643,0.688176157512,UT,8,0
1354,101,"Weber, UT",17.582709010143873,0.472026126137,UT,8,0
1355,1,"Campbell, VA",1.9759902653420751,0.714306708796,VA,41,0
1356,2,"Carroll, VA",2.952947903003397,0.7840582910130001,VA,41,0
1357,62,"Chesterfield, VA",7.943611209050172,0.48456254849200003,VA,41,0
1358,4,"Clarke, VA",4.347522191934019,0.57274627967,VA,41,0
1359,40,"Culpeper, VA",9.319333224383069,0.604020464527,VA,41,0
1360,4,"Dinwiddie, VA",3.058071390516782,0.550284489766,VA,41,0
1361,431,"Fairfax, VA",16.05985416021192,0.29075190933899997,VA,41,0
1362,19,"Fauquier, VA",7.178243292907019,0.595571597888,VA,41,0
1363,1,"Floyd, VA",2.7137999615063837,0.663447064727,VA,41,0
1364,1,"Fluvanna, VA",3.2941718498041928,0.520160094871,VA,41,0
1365,6,"Franklin, VA",2.6889560732704965,0.692408132811,VA,41,0
1366,6,"Franklin, VA",2.6889560732704965,0.45176276260799997,VT,41,1
1367,12,"Frederick, VA",7.437956293047947,0.6495651957240001,VA,41,0
1368,1,"Gloucester, VA",3.1306555738634825,0.670303216554,VA,41,0
1369,2,"Grayson, VA",2.924901185770751,0.770597960871,VA,41,0
1370,3,"Greene, VA",5.166361016505109,0.625381458487,VA,41,0
1371,14,"Hanover, VA",2.6516893511678195,0.635373036124,VA,41,0
1372,42,"Henrico, VA",5.235135328232703,0.368435350629,VA,41,0
1373,10,"Henry, VA",5.211745101419296,0.632860293812,VA,41,0
1374,7,"James City, VA",5.287899860917942,0.498022790556,VA,41,0
1375,3,"King George, VA",4.441805225653207,0.6131862622209999,VA,41,0
1376,1,"King William, VA",0.773706362961129,0.656139964789,VA,41,0
1377,1,"King and Queen, VA",3.0952380952380953,0.569571230982,VA,41,0
1378,13,"Lee, VA",1.7984023122315445,0.806372286967,VA,41,0
1379,107,"Loudoun, VA",13.300867741801978,0.386281308074,VA,41,0
1380,4,"Louisa, VA",2.5502183406113534,0.600159936026,VA,41,0
1381,1,"Mecklenburg, VA",2.621038802909417,0.5457600316269999,VA,41,0
1382,12,"Montgomery, VA",3.0197373157661964,0.45567396650700004,VA,41,0
1383,2,"Nelson, VA",3.6679927179556335,0.503213289681,VA,41,0
1384,2,"New Kent, VA",2.6133359932172957,0.667351804653,VA,41,0
1385,7,"Northampton, VA",8.24393464268031,0.437887186175,VA,41,0
1386,6,"Orange, VA",4.209560404897772,0.612636241767,VA,41,0
1387,6,"Orange, VA",4.209560404897772,0.371137849079,VT,41,1
1388,1,"Pittsylvania, VA",2.4346070008975507,0.686148893868,VA,41,0
1389,1,"Powhatan, VA",1.9797779820405856,0.707097773014,VA,41,0
1390,4,"Prince Edward, VA",2.4439918533604885,0.44979699330600004,VA,41,0
1391,5,"Prince George, VA",7.2907816482582835,0.567348203222,VA,41,0
1392,727,"Prince William, VA",21.891441065752993,0.37323788090099996,VA,41,0
1393,4,"Pulaski, VA",1.5254089548769505,0.6825039703550001,VA,41,0
1394,1,"Rappahannock, VA",3.465480043149946,0.569756975698,VA,41,0
1395,14,"Roanoke, VA",2.687523357001762,0.615306386967,VA,41,0
1396,3,"Rockbridge, VA",1.5634743875278398,0.624333177351,VA,41,0
1397,11,"Rockingham, VA",6.201945758476035,0.691619224874,VA,41,0
1398,7,"Shenandoah, VA",6.699022330074433,0.692303909516,VA,41,0
1399,1,"Smyth, VA",1.9484022466918414,0.76,VA,41,0
1400,1,"Southampton, VA",1.372259581214805,0.567515779982,VA,41,0
1401,20,"Spotsylvania, VA",8.620462761551622,0.557624470467,VA,41,0
1402,40,"Stafford, VA",11.188981569065842,0.517827084927,VA,41,0
1403,1,"Sussex, VA",2.693258331202591,0.408061953932,VA,41,0
1404,3,"Warren, VA",3.9838173525394907,0.661120791411,VA,41,0
1405,2,"Westmoreland, VA",6.104518484710178,0.5223736581840001,VA,41,0
1406,5,"Wise, VA",1.2302240854419324,0.799346274431,VA,41,0
1407,1,"Wythe, VA",1.1004079393918618,0.758037735849,VA,41,0
1408,3,"York, VA",5.68298988329174,0.552609946568,VA,41,0
1409,37,"Adams, WA",61.8848167539267,0.5919659641830001,WI,21,0
1410,2,"Asotin, WA",3.5770813548591325,0.589838909542,WA,19,1
1411,74,"Benton, WA",20.3424719628411,0.592845904794,WA,19,1
1412,65,"Chelan, WA",27.162558018218053,0.549699069852,WA,19,1
1413,5,"Clallam, WA",5.8572818594197535,0.475519175383,WA,19,1
1414,80,"Clark, WA",8.658817058592614,0.46270379602,WA,19,1
1415,1,"Columbia, WA",6.799294887937547,0.6867802855830001,WA,19,1
1416,26,"Cowlitz, WA",8.4002566745095,0.529097504672,WA,19,1
1417,221,"Franklin, WA",52.02710397449037,0.551787796347,WA,19,1
1418,1,"Garfield, WA",3.3168982519049752,0.68262987013,WA,19,1
1419,126,"Grant, WA",40.121041824273206,0.653998584572,WA,19,1
1420,18,"Grays Harbor, WA",9.635983322336559,0.496297127469,WA,19,1
1421,1,"Island, WA",6.742975547039806,0.43038302887400004,WA,19,1
1422,1,"Jefferson, WA",3.4450928032176176,0.297810945274,WA,19,1
1423,406,"King, WA",9.338029862229808,0.217145372921,WA,19,1
1424,16,"Kitsap, WA",7.136254893431928,0.394200210748,WA,19,1
1425,13,"Kittitas, WA",8.53803903237116,0.536980473437,WA,19,1
1426,2,"Klickitat, WA",12.040133779264215,0.546708591135,WA,19,1
1427,22,"Lewis, WA",9.629707886535313,0.6510502100419999,WA,19,1
1428,88,"Mason, WA",8.950212905339011,0.48759318615599995,WA,19,1
1429,84,"Okanogan, WA",19.053730114530616,0.578812081153,WA,19,1
1430,7,"Pacific, WA",8.9427758761992,0.500421861817,WA,19,1
1431,141,"Pierce, WA",10.08781408483172,0.421727755183,WA,19,1
1432,2,"San Juan, WA",5.8358246138515195,0.25035414109000004,WA,19,1
1433,42,"Skagit, WA",17.688317078232,0.44372708869099997,WA,19,1
1434,139,"Snohomish, WA",9.603782513388932,0.37620195414499996,WA,19,1
1435,21,"Spokane, WA",5.174958166875575,0.499065267852,WA,19,1
1436,1,"Stevens, WA",3.3558888076079008,0.672770410026,WA,19,1
1437,17,"Thurston, WA",8.206946014246501,0.377911873165,WA,19,1
1438,10,"Walla Walla, WA",20.913240482201676,0.546455015722,WA,19,1
1439,51,"Whatcom, WA",8.829012678265762,0.37188952440800005,WA,19,1
1440,264,"Yakima, WA",47.67866731804216,0.547575581556,WA,19,1
1441,5,"Grant, WI",1.4171645109525743,0.8772497472190001,WV,10,0
1442,2,"Jackson, WI",3.0827579500145874,0.7399240171789999,WV,10,0
1443,16,"Jefferson, WI",6.885660886228679,0.547506977132,WV,10,0
1444,1,"Lincoln, WI",1.3915018991161123,0.752289639382,WV,10,0
1445,6,"Monroe, WI",4.022925162570264,0.7649029982359999,WV,10,0
1446,2,"Shawano, WI",2.515464913976416,0.64690054323,WI,21,0
1447,8,"Sheboygan, WI",5.975587538713791,0.555292503002,WI,21,0
1448,3,"Taylor, WI",1.744554358949369,0.699692046299,WI,21,0
1449,3,"Taylor, WI",1.744554358949369,0.723453370268,WV,10,0
1450,11,"Trempealeau, WI",7.025507266014023,0.542669906487,WI,21,0
1451,3,"Vernon, WI",1.5209250377767558,0.49277813006399995,WI,21,0
1452,1,"Vilas, WI",2.0118841529031957,0.607225154241,WI,21,0
1453,26,"Walworth, WI",10.894866095262131,0.570456792565,WI,21,0
1454,1,"Washburn, WI",1.6257570927637872,0.596533833756,WI,21,0
1455,6,"Washington, WI",2.972523272024104,0.6784487055060001,WI,21,0
1456,30,"Waukesha, WI",4.495709158600525,0.610962263099,WI,21,0
1457,1,"Waupaca, WI",2.880286296994651,0.628182495783,WI,21,0
1458,6,"Waushara, WI",6.213383942569519,0.641167126494,WI,21,0
1459,9,"Winnebago, WI",3.8410025547682123,0.505832906441,WI,21,0
1460,7,"Wood, WI",2.665000475407832,0.570163343233,WI,21,0
1461,7,"Wood, WI",2.665000475407832,0.713864306785,WV,10,0
1462,3,"Jackson, WV",0.3219288331792185,0.533253640513,WI,21,0
1463,7,"Jefferson, WV",5.225909852154652,0.553090445138,WI,21,0
1464,1,"Big Horn, WY",8.859274159751907,0.8007481787749999,WY,4,0
1465,14,"Campbell, WY",8.357229798031893,0.8797323668799999,WY,4,0
1466,7,"Carbon, WY",17.64780835881753,0.711129032258,WY,4,0
1467,8,"Converse, WY",7.691766856500035,0.842490842491,WY,4,0
1468,1,"Crook, WY",2.402526084568918,0.887562980642,WY,4,0
1469,3,"Fremont, WY",6.779244401838606,0.675028713051,WY,4,0
1470,3,"Goshen, WY",10.519710615679905,0.774001401542,WY,4,0
1471,1,"Johnson, WY",2.134857676154923,0.799494136583,WY,4,0
1472,36,"Laramie, WY",14.199815465638249,0.621955188384,WY,4,0
1473,2,"Lincoln, WY",4.416761041902604,0.80721600381,WY,4,0
1474,19,"Natrona, WY",8.198241644099863,0.72394054104,WY,4,0
1475,4,"Park, WY",5.618402503180552,0.759532595326,WY,4,0
1476,4,"Platte, WY",7.814645308924486,0.770627802691,WY,4,0
1477,3,"Sheridan, WY",4.113754845608876,0.7236202156899999,WY,4,0
1478,1,"Sublette, WY",7.814992025518341,0.7933441936229999,WY,4,0
1479,26,"Sweetwater, WY",15.85959118093368,0.729428005522,WY,4,0
1480,32,"Teton, WY",15.174822083720107,0.321944809461,WY,4,0
1481,3,"Uinta, WY",8.959938735461638,0.764187259406,WY,4,0
